user_id,sender_group,logical_invalid_reasons,active_days_d0_28,active_days_d8_28,payment_active_days_d0_28,payment_active_days_d8_28,sent_vote_active_days_d0,sent_vote_active_days_d0_1,sent_vote_active_days_d0_3,sent_vote_active_days_d0_7,sent_vote_active_days_d0_14,sent_vote_active_days_d0_28,hackle_question_active_days_d0_7
1578028,보낸 투표 경험 무,D0-D7 Hackle 활동일수는 최대 8일,4.0,2.0,0.0,0.0,0.0,0.0,0.0,0.0,0.0,0.0,10.0
1578031,보낸 투표 경험 무,D0-D7 Hackle 활동일수는 최대 8일,8.0,3.0,0.0,0.0,0.0,0.0,0.0,0.0,0.0,0.0,10.0
1578044,보낸 투표 경험 무,D0-D7 Hackle 활동일수는 최대 8일,5.0,2.0,0.0,0.0,0.0,0.0,0.0,0.0,0.0,0.0,11.0
1578052,보낸 투표 경험 무,D0-D7 Hackle 활동일수는 최대 8일,4.0,0.0,0.0,0.0,0.0,0.0,0.0,0.0,0.0,0.0,12.0
1578060,보낸 투표 경험 무,D0-D7 Hackle 활동일수는 최대 8일,3.0,0.0,1.0,0.0,0.0,0.0,0.0,0.0,0.0,0.0,11.0
1578073,보낸 투표 경험 무,D0-D7 Hackle 활동일수는 최대 8일,7.0,2.0,0.0,0.0,0.0,0.0,0.0,0.0,0.0,0.0,11.0
1578079,보낸 투표 경험 무,D0-D7 Hackle 활동일수는 최대 8일,4.0,0.0,0.0,0.0,0.0,0.0,0.0,0.0,0.0,0.0,11.0
1578089,보낸 투표 경험 무,D0-D7 Hackle 활동일수는 최대 8일,7.0,2.0,0.0,0.0,0.0,0.0,0.0,0.0,0.0,0.0,11.0
1578091,보낸 투표 경험 무,D0-D7 Hackle 활동일수는 최대 8일,9.0,2.0,1.0,0.0,0.0,0.0,0.0,0.0,0.0,0.0,12.0
1578093,보낸 투표 경험 무,D0-D7 Hackle 활동일수는 최대 8일,9.0,2.0,0.0,0.0,0.0,0.0,0.0,0.0,0.0,0.0,10.0
1578097,보낸 투표 경험 무,D0-D7 Hackle 활동일수는 최대 8일,5.0,0.0,0.0,0.0,0.0,0.0,0.0,0.0,0.0,0.0,12.0
1578098,보낸 투표 경험 무,D0-D7 Hackle 활동일수는 최대 8일,4.0,1.0,0.0,0.0,0.0,0.0,0.0,0.0,0.0,0.0,11.0
1578100,보낸 투표 경험 무,D0-D7 Hackle 활동일수는 최대 8일,10.0,2.0,0.0,0.0,0.0,0.0,0.0,0.0,0.0,0.0,12.0
1578112,보낸 투표 경험 무,D0-D7 Hackle 활동일수는 최대 8일,6.0,0.0,0.0,0.0,0.0,0.0,0.0,0.0,0.0,0.0,11.0
1578115,보낸 투표 경험 무,D0-D7 Hackle 활동일수는 최대 8일,7.0,0.0,1.0,0.0,0.0,0.0,0.0,0.0,0.0,0.0,9.0
1578127,보낸 투표 경험 무,D0-D7 Hackle 활동일수는 최대 8일,8.0,1.0,0.0,0.0,0.0,0.0,0.0,0.0,0.0,0.0,11.0
1578130,보낸 투표 경험 무,D0-D7 Hackle 활동일수는 최대 8일,5.0,0.0,2.0,1.0,0.0,0.0,0.0,0.0,0.0,0.0,10.0
1578140,보낸 투표 경험 무,D0-D7 Hackle 활동일수는 최대 8일,7.0,0.0,0.0,0.0,0.0,0.0,0.0,0.0,0.0,0.0,11.0
1578142,보낸 투표 경험 무,D0-D7 Hackle 활동일수는 최대 8일,5.0,0.0,0.0,0.0,0.0,0.0,0.0,0.0,0.0,0.0,11.0
1578147,보낸 투표 경험 무,D0-D7 Hackle 활동일수는 최대 8일,4.0,1.0,0.0,0.0,0.0,0.0,0.0,0.0,0.0,0.0,10.0
1578149,보낸 투표 경험 무,D0-D7 Hackle 활동일수는 최대 8일,2.0,0.0,0.0,0.0,0.0,0.0,0.0,0.0,0.0,0.0,20.0
1578150,보낸 투표 경험 무,D0-D7 Hackle 활동일수는 최대 8일,6.0,2.0,1.0,0.0,0.0,0.0,0.0,0.0,0.0,0.0,21.0
1578154,보낸 투표 경험 무,D0-D7 Hackle 활동일수는 최대 8일,2.0,0.0,0.0,0.0,0.0,0.0,0.0,0.0,0.0,0.0,12.0
1578158,보낸 투표 경험 무,D0-D7 Hackle 활동일수는 최대 8일,3.0,0.0,0.0,0.0,0.0,0.0,0.0,0.0,0.0,0.0,24.0
1578159,보낸 투표 경험 무,D0-D7 Hackle 활동일수는 최대 8일,5.0,2.0,0.0,0.0,0.0,0.0,0.0,0.0,0.0,0.0,17.0
1578160,보낸 투표 경험 무,D0-D7 Hackle 활동일수는 최대 8일,4.0,0.0,0.0,0.0,0.0,0.0,0.0,0.0,0.0,0.0,20.0
1578161,보낸 투표 경험 무,D0-D7 Hackle 활동일수는 최대 8일,5.0,2.0,0.0,0.0,0.0,0.0,0.0,0.0,0.0,0.0,19.0
1578162,보낸 투표 경험 무,D0-D7 Hackle 활동일수는 최대 8일,5.0,1.0,0.0,0.0,0.0,0.0,0.0,0.0,0.0,0.0,20.0
1578163,보낸 투표 경험 무,D0-D7 Hackle 활동일수는 최대 8일,6.0,3.0,0.0,0.0,0.0,0.0,0.0,0.0,0.0,0.0,24.0
1578164,보낸 투표 경험 무,D0-D7 Hackle 활동일수는 최대 8일,3.0,0.0,1.0,0.0,0.0,0.0,0.0,0.0,0.0,0.0,24.0
1578165,보낸 투표 경험 무,D0-D7 Hackle 활동일수는 최대 8일,6.0,1.0,0.0,0.0,0.0,0.0,0.0,0.0,0.0,0.0,19.0
1578167,보낸 투표 경험 무,D0-D7 Hackle 활동일수는 최대 8일,3.0,1.0,0.0,0.0,0.0,0.0,0.0,0.0,0.0,0.0,17.0
1578175,보낸 투표 경험 무,D0-D7 Hackle 활동일수는 최대 8일,4.0,0.0,0.0,0.0,0.0,0.0,0.0,0.0,0.0,0.0,18.0
1578176,보낸 투표 경험 무,D0-D7 Hackle 활동일수는 최대 8일,1.0,0.0,0.0,0.0,0.0,0.0,0.0,0.0,0.0,0.0,18.0
1578178,보낸 투표 경험 무,D0-D7 Hackle 활동일수는 최대 8일,1.0,0.0,0.0,0.0,0.0,0.0,0.0,0.0,0.0,0.0,18.0
1578179,보낸 투표 경험 무,D0-D7 Hackle 활동일수는 최대 8일,3.0,0.0,0.0,0.0,0.0,0.0,0.0,0.0,0.0,0.0,10.0
1578182,보낸 투표 경험 무,D0-D7 Hackle 활동일수는 최대 8일,2.0,0.0,0.0,0.0,0.0,0.0,0.0,0.0,0.0,0.0,16.0
1578185,보낸 투표 경험 무,D0-D7 Hackle 활동일수는 최대 8일,3.0,0.0,0.0,0.0,0.0,0.0,0.0,0.0,0.0,0.0,16.0
1578188,보낸 투표 경험 무,D0-D7 Hackle 활동일수는 최대 8일,1.0,0.0,0.0,0.0,0.0,0.0,0.0,0.0,0.0,0.0,10.0
1578189,보낸 투표 경험 무,D0-D7 Hackle 활동일수는 최대 8일,3.0,0.0,0.0,0.0,0.0,0.0,0.0,0.0,0.0,0.0,23.0
1578194,보낸 투표 경험 무,D0-D7 Hackle 활동일수는 최대 8일,7.0,1.0,0.0,0.0,0.0,0.0,0.0,0.0,0.0,0.0,19.0
1578196,보낸 투표 경험 무,D0-D7 Hackle 활동일수는 최대 8일,4.0,0.0,0.0,0.0,0.0,0.0,0.0,0.0,0.0,0.0,14.0
1578197,보낸 투표 경험 무,D0-D7 Hackle 활동일수는 최대 8일,2.0,0.0,0.0,0.0,0.0,0.0,0.0,0.0,0.0,0.0,15.0
1578200,보낸 투표 경험 무,D0-D7 Hackle 활동일수는 최대 8일,4.0,1.0,1.0,0.0,0.0,0.0,0.0,0.0,0.0,0.0,22.0
1578212,보낸 투표 경험 무,D0-D7 Hackle 활동일수는 최대 8일,7.0,1.0,0.0,0.0,0.0,0.0,0.0,0.0,0.0,0.0,20.0
1578213,보낸 투표 경험 무,D0-D7 Hackle 활동일수는 최대 8일,6.0,1.0,0.0,0.0,0.0,0.0,0.0,0.0,0.0,0.0,21.0
1578220,보낸 투표 경험 무,D0-D7 Hackle 활동일수는 최대 8일,7.0,2.0,0.0,0.0,0.0,0.0,0.0,0.0,0.0,0.0,19.0
1578222,보낸 투표 경험 무,D0-D7 Hackle 활동일수는 최대 8일,3.0,0.0,0.0,0.0,0.0,0.0,0.0,0.0,0.0,0.0,14.0
1578224,보낸 투표 경험 무,D0-D7 Hackle 활동일수는 최대 8일,5.0,1.0,0.0,0.0,0.0,0.0,0.0,0.0,0.0,0.0,24.0
1578225,보낸 투표 경험 무,D0-D7 Hackle 활동일수는 최대 8일,6.0,1.0,0.0,0.0,0.0,0.0,0.0,0.0,0.0,0.0,22.0
1578226,보낸 투표 경험 무,D0-D7 Hackle 활동일수는 최대 8일,4.0,1.0,0.0,0.0,0.0,0.0,0.0,0.0,0.0,0.0,23.0
1578229,보낸 투표 경험 무,D0-D7 Hackle 활동일수는 최대 8일,7.0,1.0,0.0,0.0,0.0,0.0,0.0,0.0,0.0,0.0,19.0
1578231,보낸 투표 경험 무,D0-D7 Hackle 활동일수는 최대 8일,4.0,0.0,0.0,0.0,0.0,0.0,0.0,0.0,0.0,0.0,12.0
1578232,보낸 투표 경험 무,D0-D7 Hackle 활동일수는 최대 8일,5.0,0.0,0.0,0.0,0.0,0.0,0.0,0.0,0.0,0.0,16.0
1578233,보낸 투표 경험 무,D0-D7 Hackle 활동일수는 최대 8일,4.0,0.0,2.0,0.0,0.0,0.0,0.0,0.0,0.0,0.0,24.0
1578235,보낸 투표 경험 무,D0-D7 Hackle 활동일수는 최대 8일,4.0,0.0,0.0,0.0,0.0,0.0,0.0,0.0,0.0,0.0,14.0
1578236,보낸 투표 경험 무,D0-D7 Hackle 활동일수는 최대 8일,6.0,1.0,0.0,0.0,0.0,0.0,0.0,0.0,0.0,0.0,11.0
1578238,보낸 투표 경험 무,D0-D7 Hackle 활동일수는 최대 8일,4.0,0.0,0.0,0.0,0.0,0.0,0.0,0.0,0.0,0.0,22.0
1578239,보낸 투표 경험 무,D0-D7 Hackle 활동일수는 최대 8일,9.0,2.0,0.0,0.0,0.0,0.0,0.0,0.0,0.0,0.0,17.0
1578241,보낸 투표 경험 무,D0-D7 Hackle 활동일수는 최대 8일,2.0,0.0,0.0,0.0,0.0,0.0,0.0,0.0,0.0,0.0,13.0
1578244,보낸 투표 경험 무,D0-D7 Hackle 활동일수는 최대 8일,9.0,2.0,0.0,0.0,0.0,0.0,0.0,0.0,0.0,0.0,17.0
1578250,보낸 투표 경험 무,D0-D7 Hackle 활동일수는 최대 8일,3.0,0.0,0.0,0.0,0.0,0.0,0.0,0.0,0.0,0.0,22.0
1578253,보낸 투표 경험 무,D0-D7 Hackle 활동일수는 최대 8일,2.0,0.0,0.0,0.0,0.0,0.0,0.0,0.0,0.0,0.0,18.0
1578262,보낸 투표 경험 무,D0-D7 Hackle 활동일수는 최대 8일,5.0,0.0,0.0,0.0,0.0,0.0,0.0,0.0,0.0,0.0,21.0
1578264,보낸 투표 경험 무,D0-D7 Hackle 활동일수는 최대 8일,2.0,0.0,0.0,0.0,0.0,0.0,0.0,0.0,0.0,0.0,11.0
1578265,보낸 투표 경험 무,D0-D7 Hackle 활동일수는 최대 8일,8.0,2.0,0.0,0.0,0.0,0.0,0.0,0.0,0.0,0.0,13.0
1578267,보낸 투표 경험 무,D0-D7 Hackle 활동일수는 최대 8일,4.0,1.0,0.0,0.0,0.0,0.0,0.0,0.0,0.0,0.0,10.0
1578269,보낸 투표 경험 무,D0-D7 Hackle 활동일수는 최대 8일,3.0,0.0,0.0,0.0,0.0,0.0,0.0,0.0,0.0,0.0,9.0
1578272,보낸 투표 경험 무,D0-D7 Hackle 활동일수는 최대 8일,4.0,0.0,0.0,0.0,0.0,0.0,0.0,0.0,0.0,0.0,16.0
1578278,보낸 투표 경험 무,D0-D7 Hackle 활동일수는 최대 8일,5.0,0.0,0.0,0.0,0.0,0.0,0.0,0.0,0.0,0.0,13.0
1578280,보낸 투표 경험 무,D0-D7 Hackle 활동일수는 최대 8일,3.0,0.0,0.0,0.0,0.0,0.0,0.0,0.0,0.0,0.0,12.0
1578281,보낸 투표 경험 무,D0-D7 Hackle 활동일수는 최대 8일,5.0,1.0,0.0,0.0,0.0,0.0,0.0,0.0,0.0,0.0,12.0
1578284,보낸 투표 경험 무,D0-D7 Hackle 활동일수는 최대 8일,5.0,0.0,0.0,0.0,0.0,0.0,0.0,0.0,0.0,0.0,12.0
1578285,보낸 투표 경험 무,D0-D7 Hackle 활동일수는 최대 8일,1.0,0.0,0.0,0.0,0.0,0.0,0.0,0.0,0.0,0.0,9.0
1578286,보낸 투표 경험 무,D0-D7 Hackle 활동일수는 최대 8일,8.0,2.0,0.0,0.0,0.0,0.0,0.0,0.0,0.0,0.0,23.0
1578291,보낸 투표 경험 무,D0-D7 Hackle 활동일수는 최대 8일,4.0,0.0,0.0,0.0,0.0,0.0,0.0,0.0,0.0,0.0,14.0
1578292,보낸 투표 경험 무,D0-D7 Hackle 활동일수는 최대 8일,4.0,0.0,0.0,0.0,0.0,0.0,0.0,0.0,0.0,0.0,23.0
1578294,보낸 투표 경험 무,D0-D7 Hackle 활동일수는 최대 8일,5.0,0.0,0.0,0.0,0.0,0.0,0.0,0.0,0.0,0.0,9.0
1578295,보낸 투표 경험 무,D0-D7 Hackle 활동일수는 최대 8일,4.0,0.0,0.0,0.0,0.0,0.0,0.0,0.0,0.0,0.0,10.0
1578296,보낸 투표 경험 무,D0-D7 Hackle 활동일수는 최대 8일,7.0,0.0,0.0,0.0,0.0,0.0,0.0,0.0,0.0,0.0,24.0
1578297,보낸 투표 경험 무,D0-D7 Hackle 활동일수는 최대 8일,3.0,0.0,0.0,0.0,0.0,0.0,0.0,0.0,0.0,0.0,11.0
1578298,보낸 투표 경험 무,D0-D7 Hackle 활동일수는 최대 8일,6.0,1.0,0.0,0.0,0.0,0.0,0.0,0.0,0.0,0.0,16.0
1578312,보낸 투표 경험 무,D0-D7 Hackle 활동일수는 최대 8일,5.0,0.0,0.0,0.0,0.0,0.0,0.0,0.0,0.0,0.0,17.0
1578313,보낸 투표 경험 무,D0-D7 Hackle 활동일수는 최대 8일,3.0,0.0,0.0,0.0,0.0,0.0,0.0,0.0,0.0,0.0,17.0
1578314,보낸 투표 경험 무,D0-D7 Hackle 활동일수는 최대 8일,10.0,2.0,0.0,0.0,0.0,0.0,0.0,0.0,0.0,0.0,24.0
1578315,보낸 투표 경험 무,D0-D7 Hackle 활동일수는 최대 8일,6.0,0.0,0.0,0.0,0.0,0.0,0.0,0.0,0.0,0.0,17.0
1578316,보낸 투표 경험 무,D0-D7 Hackle 활동일수는 최대 8일,3.0,0.0,0.0,0.0,0.0,0.0,0.0,0.0,0.0,0.0,22.0
1578317,보낸 투표 경험 무,D0-D7 Hackle 활동일수는 최대 8일,4.0,0.0,0.0,0.0,0.0,0.0,0.0,0.0,0.0,0.0,15.0
1578319,보낸 투표 경험 무,D0-D7 Hackle 활동일수는 최대 8일,5.0,0.0,0.0,0.0,0.0,0.0,0.0,0.0,0.0,0.0,14.0
1578321,보낸 투표 경험 무,D0-D7 Hackle 활동일수는 최대 8일,2.0,0.0,0.0,0.0,0.0,0.0,0.0,0.0,0.0,0.0,13.0
1578323,보낸 투표 경험 무,D0-D7 Hackle 활동일수는 최대 8일,1.0,0.0,1.0,0.0,0.0,0.0,0.0,0.0,0.0,0.0,16.0
1578324,보낸 투표 경험 무,D0-D7 Hackle 활동일수는 최대 8일,5.0,1.0,1.0,0.0,0.0,0.0,0.0,0.0,0.0,0.0,28.0
1578327,보낸 투표 경험 무,D0-D7 Hackle 활동일수는 최대 8일,4.0,1.0,0.0,0.0,0.0,0.0,0.0,0.0,0.0,0.0,34.0
1578328,보낸 투표 경험 무,D0-D7 Hackle 활동일수는 최대 8일,7.0,2.0,0.0,0.0,0.0,0.0,0.0,0.0,0.0,0.0,33.0
1578330,보낸 투표 경험 무,D0-D7 Hackle 활동일수는 최대 8일,4.0,1.0,0.0,0.0,0.0,0.0,0.0,0.0,0.0,0.0,36.0
1578332,보낸 투표 경험 무,D0-D7 Hackle 활동일수는 최대 8일,2.0,0.0,0.0,0.0,0.0,0.0,0.0,0.0,0.0,0.0,21.0
1578333,보낸 투표 경험 무,D0-D7 Hackle 활동일수는 최대 8일,4.0,0.0,0.0,0.0,0.0,0.0,0.0,0.0,0.0,0.0,14.0
1578336,보낸 투표 경험 무,D0-D7 Hackle 활동일수는 최대 8일,3.0,0.0,0.0,0.0,0.0,0.0,0.0,0.0,0.0,0.0,12.0
1578339,보낸 투표 경험 무,D0-D7 Hackle 활동일수는 최대 8일,4.0,0.0,0.0,0.0,0.0,0.0,0.0,0.0,0.0,0.0,14.0
1578351,보낸 투표 경험 무,D0-D7 Hackle 활동일수는 최대 8일,3.0,1.0,0.0,0.0,0.0,0.0,0.0,0.0,0.0,0.0,26.0
1578353,보낸 투표 경험 무,D0-D7 Hackle 활동일수는 최대 8일,2.0,0.0,0.0,0.0,0.0,0.0,0.0,0.0,0.0,0.0,29.0
1578357,보낸 투표 경험 무,D0-D7 Hackle 활동일수는 최대 8일,6.0,0.0,0.0,0.0,0.0,0.0,0.0,0.0,0.0,0.0,36.0
1578360,보낸 투표 경험 무,D0-D7 Hackle 활동일수는 최대 8일,2.0,0.0,0.0,0.0,0.0,0.0,0.0,0.0,0.0,0.0,22.0
1578362,보낸 투표 경험 무,D0-D7 Hackle 활동일수는 최대 8일,4.0,1.0,0.0,0.0,0.0,0.0,0.0,0.0,0.0,0.0,10.0
1578364,보낸 투표 경험 무,D0-D7 Hackle 활동일수는 최대 8일,3.0,0.0,0.0,0.0,0.0,0.0,0.0,0.0,0.0,0.0,30.0
1578365,보낸 투표 경험 무,D0-D7 Hackle 활동일수는 최대 8일,2.0,1.0,0.0,0.0,0.0,0.0,0.0,0.0,0.0,0.0,32.0
1578370,보낸 투표 경험 무,D0-D7 Hackle 활동일수는 최대 8일,2.0,0.0,0.0,0.0,0.0,0.0,0.0,0.0,0.0,0.0,18.0
1578371,보낸 투표 경험 무,D0-D7 Hackle 활동일수는 최대 8일,4.0,0.0,0.0,0.0,0.0,0.0,0.0,0.0,0.0,0.0,12.0
1578374,보낸 투표 경험 무,D0-D7 Hackle 활동일수는 최대 8일,3.0,0.0,0.0,0.0,0.0,0.0,0.0,0.0,0.0,0.0,14.0
1578375,보낸 투표 경험 무,D0-D7 Hackle 활동일수는 최대 8일,6.0,1.0,0.0,0.0,0.0,0.0,0.0,0.0,0.0,0.0,21.0
1578376,보낸 투표 경험 무,D0-D7 Hackle 활동일수는 최대 8일,5.0,1.0,0.0,0.0,0.0,0.0,0.0,0.0,0.0,0.0,34.0
1578378,보낸 투표 경험 무,D0-D7 Hackle 활동일수는 최대 8일,6.0,1.0,0.0,0.0,0.0,0.0,0.0,0.0,0.0,0.0,12.0
1578383,보낸 투표 경험 무,D0-D7 Hackle 활동일수는 최대 8일,6.0,1.0,0.0,0.0,0.0,0.0,0.0,0.0,0.0,0.0,12.0
1578384,보낸 투표 경험 무,D0-D7 Hackle 활동일수는 최대 8일,2.0,0.0,0.0,0.0,0.0,0.0,0.0,0.0,0.0,0.0,12.0
1578385,보낸 투표 경험 무,D0-D7 Hackle 활동일수는 최대 8일,3.0,1.0,0.0,0.0,0.0,0.0,0.0,0.0,0.0,0.0,26.0
1578391,보낸 투표 경험 무,D0-D7 Hackle 활동일수는 최대 8일,8.0,1.0,0.0,0.0,0.0,0.0,0.0,0.0,0.0,0.0,29.0
1578392,보낸 투표 경험 무,D0-D7 Hackle 활동일수는 최대 8일,5.0,0.0,0.0,0.0,0.0,0.0,0.0,0.0,0.0,0.0,20.0
1578393,보낸 투표 경험 무,D0-D7 Hackle 활동일수는 최대 8일,3.0,0.0,0.0,0.0,0.0,0.0,0.0,0.0,0.0,0.0,29.0
1578395,보낸 투표 경험 무,D0-D7 Hackle 활동일수는 최대 8일,2.0,0.0,0.0,0.0,0.0,0.0,0.0,0.0,0.0,0.0,14.0
1578397,보낸 투표 경험 무,D0-D7 Hackle 활동일수는 최대 8일,2.0,0.0,0.0,0.0,0.0,0.0,0.0,0.0,0.0,0.0,14.0
1578399,보낸 투표 경험 무,D0-D7 Hackle 활동일수는 최대 8일,3.0,1.0,0.0,0.0,0.0,0.0,0.0,0.0,0.0,0.0,32.0
1578400,보낸 투표 경험 무,D0-D7 Hackle 활동일수는 최대 8일,5.0,0.0,0.0,0.0,0.0,0.0,0.0,0.0,0.0,0.0,23.0
1578403,보낸 투표 경험 무,D0-D7 Hackle 활동일수는 최대 8일,2.0,0.0,0.0,0.0,0.0,0.0,0.0,0.0,0.0,0.0,20.0
1578411,보낸 투표 경험 무,D0-D7 Hackle 활동일수는 최대 8일,2.0,0.0,0.0,0.0,0.0,0.0,0.0,0.0,0.0,0.0,10.0
1578416,보낸 투표 경험 무,D0-D7 Hackle 활동일수는 최대 8일,6.0,1.0,0.0,0.0,0.0,0.0,0.0,0.0,0.0,0.0,33.0
1578418,보낸 투표 경험 무,D0-D7 Hackle 활동일수는 최대 8일,4.0,0.0,0.0,0.0,0.0,0.0,0.0,0.0,0.0,0.0,24.0
1578420,보낸 투표 경험 무,D0-D7 Hackle 활동일수는 최대 8일,6.0,1.0,0.0,0.0,0.0,0.0,0.0,0.0,0.0,0.0,23.0
1578423,보낸 투표 경험 무,D0-D7 Hackle 활동일수는 최대 8일,1.0,0.0,0.0,0.0,0.0,0.0,0.0,0.0,0.0,0.0,9.0
1578424,보낸 투표 경험 무,D0-D7 Hackle 활동일수는 최대 8일,4.0,0.0,1.0,0.0,0.0,0.0,0.0,0.0,0.0,0.0,12.0
1578426,보낸 투표 경험 무,D0-D7 Hackle 활동일수는 최대 8일,8.0,1.0,1.0,0.0,0.0,0.0,0.0,0.0,0.0,0.0,27.0
1578427,보낸 투표 경험 무,D0-D7 Hackle 활동일수는 최대 8일,4.0,0.0,0.0,0.0,0.0,0.0,0.0,0.0,0.0,0.0,23.0
1578428,보낸 투표 경험 무,D0-D7 Hackle 활동일수는 최대 8일,2.0,0.0,0.0,0.0,0.0,0.0,0.0,0.0,0.0,0.0,12.0
1578429,보낸 투표 경험 무,D0-D7 Hackle 활동일수는 최대 8일,10.0,3.0,0.0,0.0,0.0,0.0,0.0,0.0,0.0,0.0,30.0
1578430,보낸 투표 경험 무,D0-D7 Hackle 활동일수는 최대 8일,15.0,11.0,0.0,0.0,0.0,0.0,0.0,0.0,0.0,0.0,35.0
1578431,보낸 투표 경험 무,D0-D7 Hackle 활동일수는 최대 8일,8.0,2.0,0.0,0.0,0.0,0.0,0.0,0.0,0.0,0.0,23.0
1578432,보낸 투표 경험 무,D0-D7 Hackle 활동일수는 최대 8일,3.0,1.0,4.0,1.0,0.0,0.0,0.0,0.0,0.0,0.0,33.0
1578441,보낸 투표 경험 무,D0-D7 Hackle 활동일수는 최대 8일,3.0,0.0,0.0,0.0,0.0,0.0,0.0,0.0,0.0,0.0,16.0
1578444,보낸 투표 경험 무,D0-D7 Hackle 활동일수는 최대 8일,3.0,1.0,0.0,0.0,0.0,0.0,0.0,0.0,0.0,0.0,20.0
1578445,보낸 투표 경험 무,D0-D7 Hackle 활동일수는 최대 8일,8.0,2.0,0.0,0.0,0.0,0.0,0.0,0.0,0.0,0.0,35.0
1578447,보낸 투표 경험 무,D0-D7 Hackle 활동일수는 최대 8일,1.0,0.0,0.0,0.0,0.0,0.0,0.0,0.0,0.0,0.0,14.0
1578450,보낸 투표 경험 무,D0-D7 Hackle 활동일수는 최대 8일,4.0,0.0,1.0,0.0,0.0,0.0,0.0,0.0,0.0,0.0,24.0
1578451,보낸 투표 경험 무,D0-D7 Hackle 활동일수는 최대 8일,3.0,0.0,0.0,0.0,0.0,0.0,0.0,0.0,0.0,0.0,15.0
1578454,보낸 투표 경험 무,D0-D7 Hackle 활동일수는 최대 8일,1.0,0.0,0.0,0.0,0.0,0.0,0.0,0.0,0.0,0.0,13.0
1578455,보낸 투표 경험 무,D0-D7 Hackle 활동일수는 최대 8일,4.0,1.0,0.0,0.0,0.0,0.0,0.0,0.0,0.0,0.0,11.0
1578460,보낸 투표 경험 무,D0-D7 Hackle 활동일수는 최대 8일,7.0,1.0,0.0,0.0,0.0,0.0,0.0,0.0,0.0,0.0,30.0
1578461,보낸 투표 경험 무,D0-D7 Hackle 활동일수는 최대 8일,7.0,1.0,0.0,0.0,0.0,0.0,0.0,0.0,0.0,0.0,28.0
1578466,보낸 투표 경험 무,D0-D7 Hackle 활동일수는 최대 8일,3.0,0.0,0.0,0.0,0.0,0.0,0.0,0.0,0.0,0.0,20.0
1578468,보낸 투표 경험 무,D0-D7 Hackle 활동일수는 최대 8일,1.0,0.0,0.0,0.0,0.0,0.0,0.0,0.0,0.0,0.0,19.0
1578470,보낸 투표 경험 무,D0-D7 Hackle 활동일수는 최대 8일,2.0,0.0,0.0,0.0,0.0,0.0,0.0,0.0,0.0,0.0,11.0
1578475,보낸 투표 경험 무,D0-D7 Hackle 활동일수는 최대 8일,5.0,0.0,0.0,0.0,0.0,0.0,0.0,0.0,0.0,0.0,17.0
1578481,보낸 투표 경험 무,D0-D7 Hackle 활동일수는 최대 8일,3.0,1.0,0.0,0.0,0.0,0.0,0.0,0.0,0.0,0.0,33.0
1578482,보낸 투표 경험 무,D0-D7 Hackle 활동일수는 최대 8일,3.0,1.0,0.0,0.0,0.0,0.0,0.0,0.0,0.0,0.0,19.0
1578484,보낸 투표 경험 무,D0-D7 Hackle 활동일수는 최대 8일,7.0,1.0,1.0,0.0,0.0,0.0,0.0,0.0,0.0,0.0,36.0
1578485,보낸 투표 경험 무,D0-D7 Hackle 활동일수는 최대 8일,2.0,1.0,0.0,0.0,0.0,0.0,0.0,0.0,0.0,0.0,10.0
1578492,보낸 투표 경험 무,D0-D7 Hackle 활동일수는 최대 8일,1.0,0.0,0.0,0.0,0.0,0.0,0.0,0.0,0.0,0.0,13.0
1578493,보낸 투표 경험 무,D0-D7 Hackle 활동일수는 최대 8일,2.0,0.0,0.0,0.0,0.0,0.0,0.0,0.0,0.0,0.0,42.0
1578494,보낸 투표 경험 무,D0-D7 Hackle 활동일수는 최대 8일,3.0,0.0,0.0,0.0,0.0,0.0,0.0,0.0,0.0,0.0,26.0
1578495,보낸 투표 경험 무,D0-D7 Hackle 활동일수는 최대 8일,3.0,0.0,1.0,0.0,0.0,0.0,0.0,0.0,0.0,0.0,48.0
1578497,보낸 투표 경험 무,D0-D7 Hackle 활동일수는 최대 8일,4.0,0.0,0.0,0.0,0.0,0.0,0.0,0.0,0.0,0.0,29.0
1578498,보낸 투표 경험 무,D0-D7 Hackle 활동일수는 최대 8일,1.0,0.0,0.0,0.0,0.0,0.0,0.0,0.0,0.0,0.0,28.0
1578502,보낸 투표 경험 무,D0-D7 Hackle 활동일수는 최대 8일,1.0,0.0,0.0,0.0,0.0,0.0,0.0,0.0,0.0,0.0,11.0
1578504,보낸 투표 경험 무,D0-D7 Hackle 활동일수는 최대 8일,5.0,0.0,0.0,0.0,0.0,0.0,0.0,0.0,0.0,0.0,42.0
1578505,보낸 투표 경험 무,D0-D7 Hackle 활동일수는 최대 8일,3.0,0.0,0.0,0.0,0.0,0.0,0.0,0.0,0.0,0.0,45.0
1578506,보낸 투표 경험 무,D0-D7 Hackle 활동일수는 최대 8일,6.0,4.0,0.0,0.0,0.0,0.0,0.0,0.0,0.0,0.0,23.0
1578507,보낸 투표 경험 무,D0-D7 Hackle 활동일수는 최대 8일,3.0,2.0,0.0,0.0,0.0,0.0,0.0,0.0,0.0,0.0,10.0
1578508,보낸 투표 경험 무,D0-D7 Hackle 활동일수는 최대 8일,7.0,1.0,1.0,0.0,0.0,0.0,0.0,0.0,0.0,0.0,41.0
1578511,보낸 투표 경험 무,D0-D7 Hackle 활동일수는 최대 8일,3.0,0.0,0.0,0.0,0.0,0.0,0.0,0.0,0.0,0.0,45.0
1578512,보낸 투표 경험 무,D0-D7 Hackle 활동일수는 최대 8일,4.0,0.0,1.0,0.0,0.0,0.0,0.0,0.0,0.0,0.0,40.0
1578514,보낸 투표 경험 무,D0-D7 Hackle 활동일수는 최대 8일,5.0,1.0,0.0,0.0,0.0,0.0,0.0,0.0,0.0,0.0,27.0
1578515,보낸 투표 경험 무,D0-D7 Hackle 활동일수는 최대 8일,8.0,3.0,0.0,0.0,0.0,0.0,0.0,0.0,0.0,0.0,44.0
1578516,보낸 투표 경험 무,D0-D7 Hackle 활동일수는 최대 8일,7.0,2.0,0.0,0.0,0.0,0.0,0.0,0.0,0.0,0.0,32.0
1578520,보낸 투표 경험 무,D0-D7 Hackle 활동일수는 최대 8일,6.0,1.0,0.0,0.0,0.0,0.0,0.0,0.0,0.0,0.0,42.0
1578522,보낸 투표 경험 무,D0-D7 Hackle 활동일수는 최대 8일,2.0,0.0,0.0,0.0,0.0,0.0,0.0,0.0,0.0,0.0,31.0
1578523,보낸 투표 경험 무,D0-D7 Hackle 활동일수는 최대 8일,1.0,0.0,0.0,0.0,0.0,0.0,0.0,0.0,0.0,0.0,12.0
1578525,보낸 투표 경험 무,D0-D7 Hackle 활동일수는 최대 8일,1.0,0.0,0.0,0.0,0.0,0.0,0.0,0.0,0.0,0.0,10.0
1578526,보낸 투표 경험 무,D0-D7 Hackle 활동일수는 최대 8일,1.0,0.0,0.0,0.0,0.0,0.0,0.0,0.0,0.0,0.0,39.0
1578528,보낸 투표 경험 무,D0-D7 Hackle 활동일수는 최대 8일,2.0,0.0,0.0,0.0,0.0,0.0,0.0,0.0,0.0,0.0,28.0
1578529,보낸 투표 경험 무,D0-D7 Hackle 활동일수는 최대 8일,4.0,0.0,0.0,0.0,0.0,0.0,0.0,0.0,0.0,0.0,45.0
1578530,보낸 투표 경험 무,D0-D7 Hackle 활동일수는 최대 8일,2.0,1.0,0.0,0.0,0.0,0.0,0.0,0.0,0.0,0.0,29.0
1578531,보낸 투표 경험 무,D0-D7 Hackle 활동일수는 최대 8일,4.0,0.0,0.0,0.0,0.0,0.0,0.0,0.0,0.0,0.0,29.0
1578533,보낸 투표 경험 무,D0-D7 Hackle 활동일수는 최대 8일,6.0,0.0,0.0,0.0,0.0,0.0,0.0,0.0,0.0,0.0,34.0
1578534,보낸 투표 경험 무,D0-D7 Hackle 활동일수는 최대 8일,8.0,1.0,0.0,0.0,0.0,0.0,0.0,0.0,0.0,0.0,47.0
1578535,보낸 투표 경험 무,D0-D7 Hackle 활동일수는 최대 8일,3.0,0.0,1.0,0.0,0.0,0.0,0.0,0.0,0.0,0.0,19.0
1578536,보낸 투표 경험 무,D0-D7 Hackle 활동일수는 최대 8일,6.0,0.0,0.0,0.0,0.0,0.0,0.0,0.0,0.0,0.0,33.0
1578538,보낸 투표 경험 무,D0-D7 Hackle 활동일수는 최대 8일,4.0,0.0,0.0,0.0,0.0,0.0,0.0,0.0,0.0,0.0,25.0
1578540,보낸 투표 경험 무,D0-D7 Hackle 활동일수는 최대 8일,3.0,0.0,1.0,0.0,0.0,0.0,0.0,0.0,0.0,0.0,34.0
1578541,보낸 투표 경험 무,D0-D7 Hackle 활동일수는 최대 8일,4.0,0.0,1.0,0.0,0.0,0.0,0.0,0.0,0.0,0.0,27.0
1578542,보낸 투표 경험 무,D0-D7 Hackle 활동일수는 최대 8일,6.0,1.0,0.0,0.0,0.0,0.0,0.0,0.0,0.0,0.0,35.0
1578543,보낸 투표 경험 무,D0-D7 Hackle 활동일수는 최대 8일,1.0,0.0,0.0,0.0,0.0,0.0,0.0,0.0,0.0,0.0,15.0
1578547,보낸 투표 경험 무,D0-D7 Hackle 활동일수는 최대 8일,1.0,0.0,0.0,0.0,0.0,0.0,0.0,0.0,0.0,0.0,15.0
1578548,보낸 투표 경험 무,D0-D7 Hackle 활동일수는 최대 8일,8.0,1.0,0.0,0.0,0.0,0.0,0.0,0.0,0.0,0.0,38.0
1578552,보낸 투표 경험 무,D0-D7 Hackle 활동일수는 최대 8일,3.0,0.0,0.0,0.0,0.0,0.0,0.0,0.0,0.0,0.0,18.0
1578553,보낸 투표 경험 무,D0-D7 Hackle 활동일수는 최대 8일,5.0,0.0,0.0,0.0,0.0,0.0,0.0,0.0,0.0,0.0,40.0
1578556,보낸 투표 경험 무,D0-D7 Hackle 활동일수는 최대 8일,4.0,0.0,0.0,0.0,0.0,0.0,0.0,0.0,0.0,0.0,31.0
1578559,보낸 투표 경험 무,D0-D7 Hackle 활동일수는 최대 8일,5.0,1.0,0.0,0.0,0.0,0.0,0.0,0.0,0.0,0.0,17.0
1578560,보낸 투표 경험 무,D0-D7 Hackle 활동일수는 최대 8일,5.0,1.0,0.0,0.0,0.0,0.0,0.0,0.0,0.0,0.0,48.0
1578562,보낸 투표 경험 무,D0-D7 Hackle 활동일수는 최대 8일,5.0,1.0,0.0,0.0,0.0,0.0,0.0,0.0,0.0,0.0,19.0
1578563,보낸 투표 경험 무,D0-D7 Hackle 활동일수는 최대 8일,8.0,1.0,0.0,0.0,0.0,0.0,0.0,0.0,0.0,0.0,13.0
1578565,보낸 투표 경험 무,D0-D7 Hackle 활동일수는 최대 8일,5.0,1.0,0.0,0.0,0.0,0.0,0.0,0.0,0.0,0.0,18.0
1578571,보낸 투표 경험 무,D0-D7 Hackle 활동일수는 최대 8일,7.0,0.0,0.0,0.0,0.0,0.0,0.0,0.0,0.0,0.0,38.0
1578572,보낸 투표 경험 무,D0-D7 Hackle 활동일수는 최대 8일,4.0,0.0,0.0,0.0,0.0,0.0,0.0,0.0,0.0,0.0,27.0
1578573,보낸 투표 경험 무,D0-D7 Hackle 활동일수는 최대 8일,2.0,1.0,0.0,0.0,0.0,0.0,0.0,0.0,0.0,0.0,20.0
1578575,보낸 투표 경험 무,D0-D7 Hackle 활동일수는 최대 8일,2.0,1.0,0.0,0.0,0.0,0.0,0.0,0.0,0.0,0.0,20.0
1578578,보낸 투표 경험 무,D0-D7 Hackle 활동일수는 최대 8일,7.0,1.0,0.0,0.0,0.0,0.0,0.0,0.0,0.0,0.0,38.0
1578579,보낸 투표 경험 무,D0-D7 Hackle 활동일수는 최대 8일,3.0,0.0,0.0,0.0,0.0,0.0,0.0,0.0,0.0,0.0,21.0
1578584,보낸 투표 경험 무,D0-D7 Hackle 활동일수는 최대 8일,6.0,1.0,0.0,0.0,0.0,0.0,0.0,0.0,0.0,0.0,25.0
1578585,보낸 투표 경험 무,D0-D7 Hackle 활동일수는 최대 8일,8.0,2.0,0.0,0.0,0.0,0.0,0.0,0.0,0.0,0.0,47.0
1578588,보낸 투표 경험 무,D0-D7 Hackle 활동일수는 최대 8일,3.0,0.0,0.0,0.0,0.0,0.0,0.0,0.0,0.0,0.0,29.0
1578592,보낸 투표 경험 무,D0-D7 Hackle 활동일수는 최대 8일,3.0,0.0,0.0,0.0,0.0,0.0,0.0,0.0,0.0,0.0,10.0
1578593,보낸 투표 경험 무,D0-D7 Hackle 활동일수는 최대 8일,8.0,1.0,0.0,0.0,0.0,0.0,0.0,0.0,0.0,0.0,48.0
1578594,보낸 투표 경험 무,D0-D7 Hackle 활동일수는 최대 8일,5.0,0.0,0.0,0.0,0.0,0.0,0.0,0.0,0.0,0.0,11.0
1578596,보낸 투표 경험 무,D0-D7 Hackle 활동일수는 최대 8일,5.0,0.0,0.0,0.0,0.0,0.0,0.0,0.0,0.0,0.0,29.0
1578602,보낸 투표 경험 무,D0-D7 Hackle 활동일수는 최대 8일,5.0,1.0,0.0,0.0,0.0,0.0,0.0,0.0,0.0,0.0,38.0
1578603,보낸 투표 경험 무,D0-D7 Hackle 활동일수는 최대 8일,1.0,0.0,0.0,0.0,0.0,0.0,0.0,0.0,0.0,0.0,17.0
1578606,보낸 투표 경험 무,D0-D7 Hackle 활동일수는 최대 8일,3.0,0.0,0.0,0.0,0.0,0.0,0.0,0.0,0.0,0.0,24.0
1578607,보낸 투표 경험 무,D0-D7 Hackle 활동일수는 최대 8일,5.0,1.0,0.0,0.0,0.0,0.0,0.0,0.0,0.0,0.0,9.0
1578608,보낸 투표 경험 무,D0-D7 Hackle 활동일수는 최대 8일,2.0,0.0,0.0,0.0,0.0,0.0,0.0,0.0,0.0,0.0,13.0
1578609,보낸 투표 경험 무,D0-D7 Hackle 활동일수는 최대 8일,7.0,1.0,0.0,0.0,0.0,0.0,0.0,0.0,0.0,0.0,46.0
1578610,보낸 투표 경험 무,D0-D7 Hackle 활동일수는 최대 8일,6.0,0.0,0.0,0.0,0.0,0.0,0.0,0.0,0.0,0.0,48.0
1578612,보낸 투표 경험 무,D0-D7 Hackle 활동일수는 최대 8일,5.0,0.0,0.0,0.0,0.0,0.0,0.0,0.0,0.0,0.0,47.0
1578613,보낸 투표 경험 무,D0-D7 Hackle 활동일수는 최대 8일,3.0,0.0,0.0,0.0,0.0,0.0,0.0,0.0,0.0,0.0,30.0
1578614,보낸 투표 경험 무,D0-D7 Hackle 활동일수는 최대 8일,4.0,3.0,0.0,0.0,0.0,0.0,0.0,0.0,0.0,0.0,11.0
1578615,보낸 투표 경험 무,D0-D7 Hackle 활동일수는 최대 8일,3.0,0.0,0.0,0.0,0.0,0.0,0.0,0.0,0.0,0.0,42.0
1578617,보낸 투표 경험 무,D0-D7 Hackle 활동일수는 최대 8일,5.0,1.0,0.0,0.0,0.0,0.0,0.0,0.0,0.0,0.0,31.0
1578618,보낸 투표 경험 무,D0-D7 Hackle 활동일수는 최대 8일,5.0,1.0,0.0,0.0,0.0,0.0,0.0,0.0,0.0,0.0,16.0
1578627,보낸 투표 경험 무,D0-D7 Hackle 활동일수는 최대 8일,8.0,2.0,0.0,0.0,0.0,0.0,0.0,0.0,0.0,0.0,40.0
1578633,보낸 투표 경험 무,D0-D7 Hackle 활동일수는 최대 8일,8.0,1.0,0.0,0.0,0.0,0.0,0.0,0.0,0.0,0.0,43.0
1578639,보낸 투표 경험 무,D0-D7 Hackle 활동일수는 최대 8일,1.0,0.0,1.0,0.0,0.0,0.0,0.0,0.0,0.0,0.0,18.0
1578641,보낸 투표 경험 무,D0-D7 Hackle 활동일수는 최대 8일,5.0,1.0,0.0,0.0,0.0,0.0,0.0,0.0,0.0,0.0,35.0
1578642,보낸 투표 경험 무,D0-D7 Hackle 활동일수는 최대 8일,6.0,0.0,0.0,0.0,0.0,0.0,0.0,0.0,0.0,0.0,57.0
1578646,보낸 투표 경험 무,D0-D7 Hackle 활동일수는 최대 8일,2.0,0.0,0.0,0.0,0.0,0.0,0.0,0.0,0.0,0.0,37.0
1578650,보낸 투표 경험 무,D0-D7 Hackle 활동일수는 최대 8일,1.0,0.0,0.0,0.0,0.0,0.0,0.0,0.0,0.0,0.0,31.0
1578651,보낸 투표 경험 무,D0-D7 Hackle 활동일수는 최대 8일,1.0,0.0,0.0,0.0,0.0,0.0,0.0,0.0,0.0,0.0,16.0
1578652,보낸 투표 경험 무,D0-D7 Hackle 활동일수는 최대 8일,4.0,1.0,0.0,0.0,0.0,0.0,0.0,0.0,0.0,0.0,34.0
1578654,보낸 투표 경험 무,D0-D7 Hackle 활동일수는 최대 8일,3.0,0.0,0.0,0.0,0.0,0.0,0.0,0.0,0.0,0.0,41.0
1578655,보낸 투표 경험 무,D0-D7 Hackle 활동일수는 최대 8일,1.0,0.0,0.0,0.0,0.0,0.0,0.0,0.0,0.0,0.0,29.0
1578658,보낸 투표 경험 무,D0-D7 Hackle 활동일수는 최대 8일,2.0,0.0,0.0,0.0,0.0,0.0,0.0,0.0,0.0,0.0,18.0
1578661,보낸 투표 경험 무,D0-D7 Hackle 활동일수는 최대 8일,2.0,0.0,0.0,0.0,0.0,0.0,0.0,0.0,0.0,0.0,19.0
1578663,보낸 투표 경험 무,D0-D7 Hackle 활동일수는 최대 8일,2.0,0.0,0.0,0.0,0.0,0.0,0.0,0.0,0.0,0.0,14.0
1578666,보낸 투표 경험 무,D0-D7 Hackle 활동일수는 최대 8일,5.0,1.0,0.0,0.0,0.0,0.0,0.0,0.0,0.0,0.0,25.0
1578667,보낸 투표 경험 무,D0-D7 Hackle 활동일수는 최대 8일,1.0,0.0,0.0,0.0,0.0,0.0,0.0,0.0,0.0,0.0,30.0
1578668,보낸 투표 경험 무,D0-D7 Hackle 활동일수는 최대 8일,2.0,0.0,0.0,0.0,0.0,0.0,0.0,0.0,0.0,0.0,22.0
1578669,보낸 투표 경험 무,D0-D7 Hackle 활동일수는 최대 8일,4.0,0.0,0.0,0.0,0.0,0.0,0.0,0.0,0.0,0.0,44.0
1578671,보낸 투표 경험 무,D0-D7 Hackle 활동일수는 최대 8일,4.0,1.0,0.0,0.0,0.0,0.0,0.0,0.0,0.0,0.0,41.0
1578674,보낸 투표 경험 무,D0-D7 Hackle 활동일수는 최대 8일,4.0,0.0,0.0,0.0,0.0,0.0,0.0,0.0,0.0,0.0,14.0
1578689,보낸 투표 경험 무,D0-D7 Hackle 활동일수는 최대 8일,5.0,1.0,0.0,0.0,0.0,0.0,0.0,0.0,0.0,0.0,26.0
1578692,보낸 투표 경험 무,D0-D7 Hackle 활동일수는 최대 8일,3.0,0.0,0.0,0.0,0.0,0.0,0.0,0.0,0.0,0.0,28.0
1578693,보낸 투표 경험 무,D0-D7 Hackle 활동일수는 최대 8일,6.0,0.0,1.0,0.0,0.0,0.0,0.0,0.0,0.0,0.0,50.0
1578695,보낸 투표 경험 무,D0-D7 Hackle 활동일수는 최대 8일,4.0,2.0,0.0,0.0,0.0,0.0,0.0,0.0,0.0,0.0,38.0
1578696,보낸 투표 경험 무,D0-D7 Hackle 활동일수는 최대 8일,6.0,0.0,0.0,0.0,0.0,0.0,0.0,0.0,0.0,0.0,36.0
1578697,보낸 투표 경험 무,D0-D7 Hackle 활동일수는 최대 8일,1.0,0.0,0.0,0.0,0.0,0.0,0.0,0.0,0.0,0.0,14.0
1578701,보낸 투표 경험 무,D0-D7 Hackle 활동일수는 최대 8일,1.0,0.0,0.0,0.0,0.0,0.0,0.0,0.0,0.0,0.0,14.0
1578702,보낸 투표 경험 무,D0-D7 Hackle 활동일수는 최대 8일,4.0,0.0,0.0,0.0,0.0,0.0,0.0,0.0,0.0,0.0,41.0
1578704,보낸 투표 경험 무,D0-D7 Hackle 활동일수는 최대 8일,6.0,2.0,0.0,0.0,0.0,0.0,0.0,0.0,0.0,0.0,58.0
1578706,보낸 투표 경험 무,D0-D7 Hackle 활동일수는 최대 8일,2.0,0.0,0.0,0.0,0.0,0.0,0.0,0.0,0.0,0.0,18.0
1578708,보낸 투표 경험 무,D0-D7 Hackle 활동일수는 최대 8일,6.0,1.0,0.0,0.0,0.0,0.0,0.0,0.0,0.0,0.0,55.0
1578711,보낸 투표 경험 무,D0-D7 Hackle 활동일수는 최대 8일,4.0,1.0,0.0,0.0,0.0,0.0,0.0,0.0,0.0,0.0,53.0
1578714,보낸 투표 경험 무,D0-D7 Hackle 활동일수는 최대 8일,2.0,0.0,0.0,0.0,0.0,0.0,0.0,0.0,0.0,0.0,60.0
1578715,보낸 투표 경험 무,D0-D7 Hackle 활동일수는 최대 8일,5.0,0.0,0.0,0.0,0.0,0.0,0.0,0.0,0.0,0.0,39.0
1578717,보낸 투표 경험 무,D0-D7 Hackle 활동일수는 최대 8일,1.0,0.0,2.0,0.0,0.0,0.0,0.0,0.0,0.0,0.0,46.0
1578722,보낸 투표 경험 무,D0-D7 Hackle 활동일수는 최대 8일,4.0,1.0,0.0,0.0,0.0,0.0,0.0,0.0,0.0,0.0,35.0
1578724,보낸 투표 경험 무,D0-D7 Hackle 활동일수는 최대 8일,3.0,0.0,0.0,0.0,0.0,0.0,0.0,0.0,0.0,0.0,36.0
1578726,보낸 투표 경험 무,D0-D7 Hackle 활동일수는 최대 8일,5.0,0.0,0.0,0.0,0.0,0.0,0.0,0.0,0.0,0.0,12.0
1578728,보낸 투표 경험 무,D0-D7 Hackle 활동일수는 최대 8일,3.0,0.0,0.0,0.0,0.0,0.0,0.0,0.0,0.0,0.0,30.0
1578729,보낸 투표 경험 무,D0-D7 Hackle 활동일수는 최대 8일,4.0,0.0,1.0,0.0,0.0,0.0,0.0,0.0,0.0,0.0,59.0
1578732,보낸 투표 경험 무,D0-D7 Hackle 활동일수는 최대 8일,4.0,0.0,0.0,0.0,0.0,0.0,0.0,0.0,0.0,0.0,42.0
1578734,보낸 투표 경험 무,D0-D7 Hackle 활동일수는 최대 8일,5.0,1.0,0.0,0.0,0.0,0.0,0.0,0.0,0.0,0.0,52.0
1578740,보낸 투표 경험 무,D0-D7 Hackle 활동일수는 최대 8일,2.0,0.0,0.0,0.0,0.0,0.0,0.0,0.0,0.0,0.0,45.0
1578742,보낸 투표 경험 무,D0-D7 Hackle 활동일수는 최대 8일,2.0,0.0,0.0,0.0,0.0,0.0,0.0,0.0,0.0,0.0,10.0
1578743,보낸 투표 경험 무,D0-D7 Hackle 활동일수는 최대 8일,7.0,1.0,0.0,0.0,0.0,0.0,0.0,0.0,0.0,0.0,60.0
1578747,보낸 투표 경험 무,D0-D7 Hackle 활동일수는 최대 8일,7.0,1.0,0.0,0.0,0.0,0.0,0.0,0.0,0.0,0.0,57.0
1578758,보낸 투표 경험 무,D0-D7 Hackle 활동일수는 최대 8일,2.0,0.0,0.0,0.0,0.0,0.0,0.0,0.0,0.0,0.0,34.0
1578759,보낸 투표 경험 무,D0-D7 Hackle 활동일수는 최대 8일,1.0,0.0,0.0,0.0,0.0,0.0,0.0,0.0,0.0,0.0,13.0
1578761,보낸 투표 경험 무,D0-D7 Hackle 활동일수는 최대 8일,2.0,0.0,0.0,0.0,0.0,0.0,0.0,0.0,0.0,0.0,50.0
1578762,보낸 투표 경험 무,D0-D7 Hackle 활동일수는 최대 8일,5.0,0.0,0.0,0.0,0.0,0.0,0.0,0.0,0.0,0.0,51.0
1578768,보낸 투표 경험 무,D0-D7 Hackle 활동일수는 최대 8일,1.0,0.0,0.0,0.0,0.0,0.0,0.0,0.0,0.0,0.0,19.0
1578769,보낸 투표 경험 무,D0-D7 Hackle 활동일수는 최대 8일,4.0,0.0,0.0,0.0,0.0,0.0,0.0,0.0,0.0,0.0,36.0
1578770,보낸 투표 경험 무,D0-D7 Hackle 활동일수는 최대 8일,5.0,1.0,0.0,0.0,0.0,0.0,0.0,0.0,0.0,0.0,35.0
1578771,보낸 투표 경험 무,D0-D7 Hackle 활동일수는 최대 8일,1.0,0.0,0.0,0.0,0.0,0.0,0.0,0.0,0.0,0.0,20.0
1578772,보낸 투표 경험 무,D0-D7 Hackle 활동일수는 최대 8일,4.0,0.0,0.0,0.0,0.0,0.0,0.0,0.0,0.0,0.0,56.0
1578774,보낸 투표 경험 무,D0-D7 Hackle 활동일수는 최대 8일,2.0,0.0,0.0,0.0,0.0,0.0,0.0,0.0,0.0,0.0,23.0
1578775,보낸 투표 경험 무,D0-D7 Hackle 활동일수는 최대 8일,1.0,0.0,0.0,0.0,0.0,0.0,0.0,0.0,0.0,0.0,31.0
1578777,보낸 투표 경험 무,D0-D7 Hackle 활동일수는 최대 8일,3.0,0.0,0.0,0.0,0.0,0.0,0.0,0.0,0.0,0.0,57.0
1578778,보낸 투표 경험 무,D0-D7 Hackle 활동일수는 최대 8일,1.0,0.0,0.0,0.0,0.0,0.0,0.0,0.0,0.0,0.0,10.0
1578780,보낸 투표 경험 무,D0-D7 Hackle 활동일수는 최대 8일,2.0,0.0,0.0,0.0,0.0,0.0,0.0,0.0,0.0,0.0,27.0
1578781,보낸 투표 경험 무,D0-D7 Hackle 활동일수는 최대 8일,1.0,0.0,0.0,0.0,0.0,0.0,0.0,0.0,0.0,0.0,69.0
1578782,보낸 투표 경험 무,D0-D7 Hackle 활동일수는 최대 8일,3.0,0.0,0.0,0.0,0.0,0.0,0.0,0.0,0.0,0.0,57.0
1578785,보낸 투표 경험 무,D0-D7 Hackle 활동일수는 최대 8일,5.0,1.0,0.0,0.0,0.0,0.0,0.0,0.0,0.0,0.0,60.0
1578786,보낸 투표 경험 무,D0-D7 Hackle 활동일수는 최대 8일,2.0,0.0,0.0,0.0,0.0,0.0,0.0,0.0,0.0,0.0,27.0
1578788,보낸 투표 경험 무,D0-D7 Hackle 활동일수는 최대 8일,2.0,0.0,0.0,0.0,0.0,0.0,0.0,0.0,0.0,0.0,53.0
1578790,보낸 투표 경험 무,D0-D7 Hackle 활동일수는 최대 8일,4.0,0.0,0.0,0.0,0.0,0.0,0.0,0.0,0.0,0.0,67.0
1578792,보낸 투표 경험 무,D0-D7 Hackle 활동일수는 최대 8일,4.0,0.0,0.0,0.0,0.0,0.0,0.0,0.0,0.0,0.0,58.0
1578796,보낸 투표 경험 무,D0-D7 Hackle 활동일수는 최대 8일,2.0,0.0,0.0,0.0,0.0,0.0,0.0,0.0,0.0,0.0,40.0
1578797,보낸 투표 경험 무,D0-D7 Hackle 활동일수는 최대 8일,2.0,0.0,0.0,0.0,0.0,0.0,0.0,0.0,0.0,0.0,33.0
1578799,보낸 투표 경험 무,D0-D7 Hackle 활동일수는 최대 8일,6.0,1.0,0.0,0.0,0.0,0.0,0.0,0.0,0.0,0.0,63.0
1578800,보낸 투표 경험 무,D0-D7 Hackle 활동일수는 최대 8일,1.0,0.0,0.0,0.0,0.0,0.0,0.0,0.0,0.0,0.0,10.0
1578801,보낸 투표 경험 무,D0-D7 Hackle 활동일수는 최대 8일,1.0,0.0,0.0,0.0,0.0,0.0,0.0,0.0,0.0,0.0,11.0
1578802,보낸 투표 경험 무,D0-D7 Hackle 활동일수는 최대 8일,1.0,0.0,0.0,0.0,0.0,0.0,0.0,0.0,0.0,0.0,12.0
1578803,보낸 투표 경험 무,D0-D7 Hackle 활동일수는 최대 8일,5.0,1.0,0.0,0.0,0.0,0.0,0.0,0.0,0.0,0.0,39.0
1578804,보낸 투표 경험 무,D0-D7 Hackle 활동일수는 최대 8일,6.0,1.0,0.0,0.0,0.0,0.0,0.0,0.0,0.0,0.0,44.0
1578805,보낸 투표 경험 무,D0-D7 Hackle 활동일수는 최대 8일,6.0,1.0,0.0,0.0,0.0,0.0,0.0,0.0,0.0,0.0,39.0
1578808,보낸 투표 경험 무,D0-D7 Hackle 활동일수는 최대 8일,4.0,0.0,0.0,0.0,0.0,0.0,0.0,0.0,0.0,0.0,65.0
1578809,보낸 투표 경험 무,D0-D7 Hackle 활동일수는 최대 8일,7.0,2.0,0.0,0.0,0.0,0.0,0.0,0.0,0.0,0.0,50.0
1578811,보낸 투표 경험 무,D0-D7 Hackle 활동일수는 최대 8일,1.0,0.0,0.0,0.0,0.0,0.0,0.0,0.0,0.0,0.0,18.0
1578812,보낸 투표 경험 무,D0-D7 Hackle 활동일수는 최대 8일,3.0,0.0,0.0,0.0,0.0,0.0,0.0,0.0,0.0,0.0,50.0
1578813,보낸 투표 경험 무,D0-D7 Hackle 활동일수는 최대 8일,3.0,0.0,0.0,0.0,0.0,0.0,0.0,0.0,0.0,0.0,28.0
1578814,보낸 투표 경험 무,D0-D7 Hackle 활동일수는 최대 8일,1.0,0.0,0.0,0.0,0.0,0.0,0.0,0.0,0.0,0.0,45.0
1578816,보낸 투표 경험 무,D0-D7 Hackle 활동일수는 최대 8일,6.0,1.0,0.0,0.0,0.0,0.0,0.0,0.0,0.0,0.0,40.0
1578818,보낸 투표 경험 무,D0-D7 Hackle 활동일수는 최대 8일,7.0,1.0,0.0,0.0,0.0,0.0,0.0,0.0,0.0,0.0,61.0
1578820,보낸 투표 경험 무,D0-D7 Hackle 활동일수는 최대 8일,3.0,0.0,0.0,0.0,0.0,0.0,0.0,0.0,0.0,0.0,11.0
1578825,보낸 투표 경험 무,D0-D7 Hackle 활동일수는 최대 8일,5.0,0.0,0.0,0.0,0.0,0.0,0.0,0.0,0.0,0.0,60.0
1578826,보낸 투표 경험 무,D0-D7 Hackle 활동일수는 최대 8일,4.0,2.0,0.0,0.0,0.0,0.0,0.0,0.0,0.0,0.0,36.0
1578828,보낸 투표 경험 무,D0-D7 Hackle 활동일수는 최대 8일,2.0,0.0,0.0,0.0,0.0,0.0,0.0,0.0,0.0,0.0,48.0
1578833,보낸 투표 경험 무,D0-D7 Hackle 활동일수는 최대 8일,2.0,0.0,0.0,0.0,0.0,0.0,0.0,0.0,0.0,0.0,23.0
1578834,보낸 투표 경험 무,D0-D7 Hackle 활동일수는 최대 8일,1.0,0.0,0.0,0.0,0.0,0.0,0.0,0.0,0.0,0.0,18.0
1578835,보낸 투표 경험 무,D0-D7 Hackle 활동일수는 최대 8일,3.0,1.0,0.0,0.0,0.0,0.0,0.0,0.0,0.0,0.0,26.0
1578837,보낸 투표 경험 무,D0-D7 Hackle 활동일수는 최대 8일,4.0,0.0,0.0,0.0,0.0,0.0,0.0,0.0,0.0,0.0,67.0
1578843,보낸 투표 경험 무,D0-D7 Hackle 활동일수는 최대 8일,3.0,1.0,0.0,0.0,0.0,0.0,0.0,0.0,0.0,0.0,26.0
1578849,보낸 투표 경험 무,D0-D7 Hackle 활동일수는 최대 8일,3.0,0.0,0.0,0.0,0.0,0.0,0.0,0.0,0.0,0.0,47.0
1578854,보낸 투표 경험 무,D0-D7 Hackle 활동일수는 최대 8일,2.0,0.0,0.0,0.0,0.0,0.0,0.0,0.0,0.0,0.0,11.0
1578855,보낸 투표 경험 무,D0-D7 Hackle 활동일수는 최대 8일,4.0,0.0,0.0,0.0,0.0,0.0,0.0,0.0,0.0,0.0,72.0
1578857,보낸 투표 경험 무,D0-D7 Hackle 활동일수는 최대 8일,1.0,0.0,0.0,0.0,0.0,0.0,0.0,0.0,0.0,0.0,26.0
1578858,보낸 투표 경험 무,D0-D7 Hackle 활동일수는 최대 8일,4.0,0.0,0.0,0.0,0.0,0.0,0.0,0.0,0.0,0.0,71.0
1578859,보낸 투표 경험 무,D0-D7 Hackle 활동일수는 최대 8일,4.0,0.0,0.0,0.0,0.0,0.0,0.0,0.0,0.0,0.0,58.0
1578860,보낸 투표 경험 무,D0-D7 Hackle 활동일수는 최대 8일,3.0,0.0,1.0,0.0,0.0,0.0,0.0,0.0,0.0,0.0,39.0
1578861,보낸 투표 경험 무,D0-D7 Hackle 활동일수는 최대 8일,6.0,1.0,1.0,0.0,0.0,0.0,0.0,0.0,0.0,0.0,56.0
1578862,보낸 투표 경험 무,D0-D7 Hackle 활동일수는 최대 8일,1.0,0.0,0.0,0.0,0.0,0.0,0.0,0.0,0.0,0.0,11.0
1578865,보낸 투표 경험 무,D0-D7 Hackle 활동일수는 최대 8일,1.0,0.0,0.0,0.0,0.0,0.0,0.0,0.0,0.0,0.0,17.0
1578868,보낸 투표 경험 무,D0-D7 Hackle 활동일수는 최대 8일,3.0,1.0,0.0,0.0,0.0,0.0,0.0,0.0,0.0,0.0,36.0
1578871,보낸 투표 경험 무,D0-D7 Hackle 활동일수는 최대 8일,4.0,0.0,0.0,0.0,0.0,0.0,0.0,0.0,0.0,0.0,61.0
1578872,보낸 투표 경험 무,D0-D7 Hackle 활동일수는 최대 8일,1.0,0.0,0.0,0.0,0.0,0.0,0.0,0.0,0.0,0.0,11.0
1578874,보낸 투표 경험 무,D0-D7 Hackle 활동일수는 최대 8일,3.0,0.0,0.0,0.0,0.0,0.0,0.0,0.0,0.0,0.0,23.0
1578875,보낸 투표 경험 무,D0-D7 Hackle 활동일수는 최대 8일,5.0,0.0,1.0,0.0,0.0,0.0,0.0,0.0,0.0,0.0,62.0
1578876,보낸 투표 경험 무,D0-D7 Hackle 활동일수는 최대 8일,6.0,2.0,0.0,0.0,0.0,0.0,0.0,0.0,0.0,0.0,73.0
1578877,보낸 투표 경험 무,D0-D7 Hackle 활동일수는 최대 8일,3.0,0.0,0.0,0.0,0.0,0.0,0.0,0.0,0.0,0.0,75.0
1578878,보낸 투표 경험 무,D0-D7 Hackle 활동일수는 최대 8일,3.0,0.0,0.0,0.0,0.0,0.0,0.0,0.0,0.0,0.0,63.0
1578879,보낸 투표 경험 무,D0-D7 Hackle 활동일수는 최대 8일,1.0,0.0,0.0,0.0,0.0,0.0,0.0,0.0,0.0,0.0,29.0
1578880,보낸 투표 경험 무,D0-D7 Hackle 활동일수는 최대 8일,2.0,0.0,0.0,0.0,0.0,0.0,0.0,0.0,0.0,0.0,51.0
1578881,보낸 투표 경험 무,D0-D7 Hackle 활동일수는 최대 8일,3.0,0.0,0.0,0.0,0.0,0.0,0.0,0.0,0.0,0.0,59.0
1578882,보낸 투표 경험 무,D0-D7 Hackle 활동일수는 최대 8일,4.0,0.0,0.0,0.0,0.0,0.0,0.0,0.0,0.0,0.0,54.0
1578883,보낸 투표 경험 무,D0-D7 Hackle 활동일수는 최대 8일,3.0,0.0,0.0,0.0,0.0,0.0,0.0,0.0,0.0,0.0,76.0
1578884,보낸 투표 경험 무,D0-D7 Hackle 활동일수는 최대 8일,4.0,0.0,0.0,0.0,0.0,0.0,0.0,0.0,0.0,0.0,66.0
1578886,보낸 투표 경험 무,D0-D7 Hackle 활동일수는 최대 8일,2.0,0.0,0.0,0.0,0.0,0.0,0.0,0.0,0.0,0.0,25.0
1578887,보낸 투표 경험 무,D0-D7 Hackle 활동일수는 최대 8일,3.0,0.0,0.0,0.0,0.0,0.0,0.0,0.0,0.0,0.0,77.0
1578888,보낸 투표 경험 무,D0-D7 Hackle 활동일수는 최대 8일,1.0,0.0,0.0,0.0,0.0,0.0,0.0,0.0,0.0,0.0,11.0
1578889,보낸 투표 경험 무,D0-D7 Hackle 활동일수는 최대 8일,2.0,0.0,0.0,0.0,0.0,0.0,0.0,0.0,0.0,0.0,45.0
1578890,보낸 투표 경험 무,D0-D7 Hackle 활동일수는 최대 8일,3.0,0.0,0.0,0.0,0.0,0.0,0.0,0.0,0.0,0.0,40.0
1578891,보낸 투표 경험 무,D0-D7 Hackle 활동일수는 최대 8일,3.0,0.0,0.0,0.0,0.0,0.0,0.0,0.0,0.0,0.0,54.0
1578892,보낸 투표 경험 무,D0-D7 Hackle 활동일수는 최대 8일,1.0,0.0,0.0,0.0,0.0,0.0,0.0,0.0,0.0,0.0,33.0
1578893,보낸 투표 경험 무,D0-D7 Hackle 활동일수는 최대 8일,4.0,0.0,0.0,0.0,0.0,0.0,0.0,0.0,0.0,0.0,57.0
1578894,보낸 투표 경험 무,D0-D7 Hackle 활동일수는 최대 8일,6.0,1.0,3.0,1.0,0.0,0.0,0.0,0.0,0.0,0.0,74.0
1578896,보낸 투표 경험 무,D0-D7 Hackle 활동일수는 최대 8일,3.0,0.0,0.0,0.0,0.0,0.0,0.0,0.0,0.0,0.0,42.0
1578897,보낸 투표 경험 무,D0-D7 Hackle 활동일수는 최대 8일,2.0,1.0,0.0,0.0,0.0,0.0,0.0,0.0,0.0,0.0,11.0
1578898,보낸 투표 경험 무,D0-D7 Hackle 활동일수는 최대 8일,6.0,1.0,0.0,0.0,0.0,0.0,0.0,0.0,0.0,0.0,84.0
1578899,보낸 투표 경험 무,D0-D7 Hackle 활동일수는 최대 8일,6.0,2.0,0.0,0.0,0.0,0.0,0.0,0.0,0.0,0.0,46.0
1578900,보낸 투표 경험 무,D0-D7 Hackle 활동일수는 최대 8일,6.0,1.0,0.0,0.0,0.0,0.0,0.0,0.0,0.0,0.0,81.0
1578901,보낸 투표 경험 무,D0-D7 Hackle 활동일수는 최대 8일,1.0,0.0,0.0,0.0,0.0,0.0,0.0,0.0,0.0,0.0,40.0
1578902,보낸 투표 경험 무,D0-D7 Hackle 활동일수는 최대 8일,1.0,0.0,0.0,0.0,0.0,0.0,0.0,0.0,0.0,0.0,26.0
1578903,보낸 투표 경험 무,D0-D7 Hackle 활동일수는 최대 8일,1.0,0.0,0.0,0.0,0.0,0.0,0.0,0.0,0.0,0.0,19.0
1578904,보낸 투표 경험 무,D0-D7 Hackle 활동일수는 최대 8일,2.0,0.0,0.0,0.0,0.0,0.0,0.0,0.0,0.0,0.0,71.0
1578906,보낸 투표 경험 무,D0-D7 Hackle 활동일수는 최대 8일,1.0,0.0,0.0,0.0,0.0,0.0,0.0,0.0,0.0,0.0,21.0
1578907,보낸 투표 경험 무,D0-D7 Hackle 활동일수는 최대 8일,1.0,0.0,0.0,0.0,0.0,0.0,0.0,0.0,0.0,0.0,50.0
1578909,보낸 투표 경험 무,D0-D7 Hackle 활동일수는 최대 8일,3.0,0.0,0.0,0.0,0.0,0.0,0.0,0.0,0.0,0.0,37.0
1578910,보낸 투표 경험 무,D0-D7 Hackle 활동일수는 최대 8일,4.0,0.0,1.0,0.0,0.0,0.0,0.0,0.0,0.0,0.0,77.0
1578911,보낸 투표 경험 무,D0-D7 Hackle 활동일수는 최대 8일,6.0,1.0,0.0,0.0,0.0,0.0,0.0,0.0,0.0,0.0,70.0
1578912,보낸 투표 경험 무,D0-D7 Hackle 활동일수는 최대 8일,4.0,1.0,0.0,0.0,0.0,0.0,0.0,0.0,0.0,0.0,70.0
1578914,보낸 투표 경험 무,D0-D7 Hackle 활동일수는 최대 8일,3.0,0.0,0.0,0.0,0.0,0.0,0.0,0.0,0.0,0.0,60.0
1578915,보낸 투표 경험 무,D0-D7 Hackle 활동일수는 최대 8일,7.0,3.0,0.0,0.0,0.0,0.0,0.0,0.0,0.0,0.0,73.0
1578916,보낸 투표 경험 무,D0-D7 Hackle 활동일수는 최대 8일,4.0,0.0,1.0,0.0,0.0,0.0,0.0,0.0,0.0,0.0,68.0
1578919,보낸 투표 경험 무,D0-D7 Hackle 활동일수는 최대 8일,3.0,0.0,0.0,0.0,0.0,0.0,0.0,0.0,0.0,0.0,83.0
1578923,보낸 투표 경험 무,D0-D7 Hackle 활동일수는 최대 8일,3.0,1.0,0.0,0.0,0.0,0.0,0.0,0.0,0.0,0.0,83.0
1578925,보낸 투표 경험 무,D0-D7 Hackle 활동일수는 최대 8일,6.0,2.0,0.0,0.0,0.0,0.0,0.0,0.0,0.0,0.0,71.0
1578926,보낸 투표 경험 무,D0-D7 Hackle 활동일수는 최대 8일,2.0,0.0,0.0,0.0,0.0,0.0,0.0,0.0,0.0,0.0,13.0
1578927,보낸 투표 경험 무,D0-D7 Hackle 활동일수는 최대 8일,4.0,0.0,0.0,0.0,0.0,0.0,0.0,0.0,0.0,0.0,52.0
1578928,보낸 투표 경험 무,D0-D7 Hackle 활동일수는 최대 8일,5.0,0.0,0.0,0.0,0.0,0.0,0.0,0.0,0.0,0.0,49.0
1578930,보낸 투표 경험 무,D0-D7 Hackle 활동일수는 최대 8일,4.0,0.0,0.0,0.0,0.0,0.0,0.0,0.0,0.0,0.0,43.0
1578931,보낸 투표 경험 무,D0-D7 Hackle 활동일수는 최대 8일,5.0,0.0,0.0,0.0,0.0,0.0,0.0,0.0,0.0,0.0,61.0
1578932,보낸 투표 경험 무,D0-D7 Hackle 활동일수는 최대 8일,6.0,0.0,0.0,0.0,0.0,0.0,0.0,0.0,0.0,0.0,39.0
1578935,보낸 투표 경험 무,D0-D7 Hackle 활동일수는 최대 8일,2.0,0.0,0.0,0.0,0.0,0.0,0.0,0.0,0.0,0.0,27.0
1578937,보낸 투표 경험 무,D0-D7 Hackle 활동일수는 최대 8일,3.0,0.0,0.0,0.0,0.0,0.0,0.0,0.0,0.0,0.0,64.0
1578938,보낸 투표 경험 무,D0-D7 Hackle 활동일수는 최대 8일,3.0,0.0,0.0,0.0,0.0,0.0,0.0,0.0,0.0,0.0,84.0
1578940,보낸 투표 경험 무,D0-D7 Hackle 활동일수는 최대 8일,1.0,0.0,0.0,0.0,0.0,0.0,0.0,0.0,0.0,0.0,17.0
1578942,보낸 투표 경험 무,D0-D7 Hackle 활동일수는 최대 8일,4.0,1.0,0.0,0.0,0.0,0.0,0.0,0.0,0.0,0.0,70.0
1578943,보낸 투표 경험 무,D0-D7 Hackle 활동일수는 최대 8일,3.0,1.0,0.0,0.0,0.0,0.0,0.0,0.0,0.0,0.0,27.0
1578944,보낸 투표 경험 무,D0-D7 Hackle 활동일수는 최대 8일,3.0,1.0,0.0,0.0,0.0,0.0,0.0,0.0,0.0,0.0,20.0
1578945,보낸 투표 경험 무,D0-D7 Hackle 활동일수는 최대 8일,3.0,0.0,0.0,0.0,0.0,0.0,0.0,0.0,0.0,0.0,53.0
1578947,보낸 투표 경험 무,D0-D7 Hackle 활동일수는 최대 8일,4.0,0.0,1.0,0.0,0.0,0.0,0.0,0.0,0.0,0.0,56.0
1578949,보낸 투표 경험 무,D0-D7 Hackle 활동일수는 최대 8일,2.0,1.0,0.0,0.0,0.0,0.0,0.0,0.0,0.0,0.0,37.0
1578950,보낸 투표 경험 무,D0-D7 Hackle 활동일수는 최대 8일,3.0,0.0,1.0,0.0,0.0,0.0,0.0,0.0,0.0,0.0,72.0
1578952,보낸 투표 경험 무,D0-D7 Hackle 활동일수는 최대 8일,3.0,0.0,0.0,0.0,0.0,0.0,0.0,0.0,0.0,0.0,28.0
1578953,보낸 투표 경험 무,D0-D7 Hackle 활동일수는 최대 8일,2.0,0.0,0.0,0.0,0.0,0.0,0.0,0.0,0.0,0.0,81.0
1578955,보낸 투표 경험 무,D0-D7 Hackle 활동일수는 최대 8일,3.0,0.0,0.0,0.0,0.0,0.0,0.0,0.0,0.0,0.0,73.0
1578956,보낸 투표 경험 무,D0-D7 Hackle 활동일수는 최대 8일,2.0,0.0,0.0,0.0,0.0,0.0,0.0,0.0,0.0,0.0,72.0
1578957,보낸 투표 경험 무,D0-D7 Hackle 활동일수는 최대 8일,1.0,0.0,0.0,0.0,0.0,0.0,0.0,0.0,0.0,0.0,14.0
1578960,보낸 투표 경험 무,D0-D7 Hackle 활동일수는 최대 8일,3.0,0.0,0.0,0.0,0.0,0.0,0.0,0.0,0.0,0.0,55.0
1578961,보낸 투표 경험 무,D0-D7 Hackle 활동일수는 최대 8일,4.0,0.0,0.0,0.0,0.0,0.0,0.0,0.0,0.0,0.0,50.0
1578963,보낸 투표 경험 무,D0-D7 Hackle 활동일수는 최대 8일,1.0,0.0,0.0,0.0,0.0,0.0,0.0,0.0,0.0,0.0,26.0
1578965,보낸 투표 경험 무,D0-D7 Hackle 활동일수는 최대 8일,2.0,0.0,0.0,0.0,0.0,0.0,0.0,0.0,0.0,0.0,34.0
1578967,보낸 투표 경험 무,D0-D7 Hackle 활동일수는 최대 8일,7.0,3.0,0.0,0.0,0.0,0.0,0.0,0.0,0.0,0.0,27.0
1578969,보낸 투표 경험 무,D0-D7 Hackle 활동일수는 최대 8일,6.0,2.0,0.0,0.0,0.0,0.0,0.0,0.0,0.0,0.0,62.0
1578970,보낸 투표 경험 무,D0-D7 Hackle 활동일수는 최대 8일,9.0,4.0,0.0,0.0,0.0,0.0,0.0,0.0,0.0,0.0,74.0
1578971,보낸 투표 경험 무,D0-D7 Hackle 활동일수는 최대 8일,5.0,1.0,0.0,0.0,0.0,0.0,0.0,0.0,0.0,0.0,36.0
1578972,보낸 투표 경험 무,D0-D7 Hackle 활동일수는 최대 8일,6.0,1.0,0.0,0.0,0.0,0.0,0.0,0.0,0.0,0.0,67.0
1578974,보낸 투표 경험 무,D0-D7 Hackle 활동일수는 최대 8일,5.0,2.0,0.0,0.0,0.0,0.0,0.0,0.0,0.0,0.0,65.0
1578975,보낸 투표 경험 무,D0-D7 Hackle 활동일수는 최대 8일,2.0,0.0,0.0,0.0,0.0,0.0,0.0,0.0,0.0,0.0,72.0
1578976,보낸 투표 경험 무,D0-D7 Hackle 활동일수는 최대 8일,2.0,0.0,0.0,0.0,0.0,0.0,0.0,0.0,0.0,0.0,26.0
1578977,보낸 투표 경험 무,D0-D7 Hackle 활동일수는 최대 8일,2.0,0.0,0.0,0.0,0.0,0.0,0.0,0.0,0.0,0.0,23.0
1578981,보낸 투표 경험 무,D0-D7 Hackle 활동일수는 최대 8일,5.0,1.0,0.0,0.0,0.0,0.0,0.0,0.0,0.0,0.0,93.0
1578982,보낸 투표 경험 무,D0-D7 Hackle 활동일수는 최대 8일,1.0,0.0,0.0,0.0,0.0,0.0,0.0,0.0,0.0,0.0,56.0
1578983,보낸 투표 경험 무,D0-D7 Hackle 활동일수는 최대 8일,3.0,0.0,0.0,0.0,0.0,0.0,0.0,0.0,0.0,0.0,78.0
1578984,보낸 투표 경험 무,D0-D7 Hackle 활동일수는 최대 8일,2.0,0.0,0.0,0.0,0.0,0.0,0.0,0.0,0.0,0.0,87.0
1578987,보낸 투표 경험 무,D0-D7 Hackle 활동일수는 최대 8일,2.0,0.0,0.0,0.0,0.0,0.0,0.0,0.0,0.0,0.0,66.0
1578989,보낸 투표 경험 무,D0-D7 Hackle 활동일수는 최대 8일,2.0,0.0,0.0,0.0,0.0,0.0,0.0,0.0,0.0,0.0,80.0
1578991,보낸 투표 경험 무,D0-D7 Hackle 활동일수는 최대 8일,4.0,0.0,0.0,0.0,0.0,0.0,0.0,0.0,0.0,0.0,52.0
1578992,보낸 투표 경험 무,D0-D7 Hackle 활동일수는 최대 8일,3.0,0.0,0.0,0.0,0.0,0.0,0.0,0.0,0.0,0.0,20.0
1578994,보낸 투표 경험 무,D0-D7 Hackle 활동일수는 최대 8일,2.0,0.0,0.0,0.0,0.0,0.0,0.0,0.0,0.0,0.0,50.0
1578995,보낸 투표 경험 무,D0-D7 Hackle 활동일수는 최대 8일,2.0,0.0,0.0,0.0,0.0,0.0,0.0,0.0,0.0,0.0,58.0
1578997,보낸 투표 경험 무,D0-D7 Hackle 활동일수는 최대 8일,2.0,0.0,0.0,0.0,0.0,0.0,0.0,0.0,0.0,0.0,29.0
1578998,보낸 투표 경험 무,D0-D7 Hackle 활동일수는 최대 8일,2.0,0.0,0.0,0.0,0.0,0.0,0.0,0.0,0.0,0.0,92.0
1579000,보낸 투표 경험 무,D0-D7 Hackle 활동일수는 최대 8일,1.0,0.0,0.0,0.0,0.0,0.0,0.0,0.0,0.0,0.0,35.0
1579002,보낸 투표 경험 무,D0-D7 Hackle 활동일수는 최대 8일,4.0,0.0,0.0,0.0,0.0,0.0,0.0,0.0,0.0,0.0,86.0
1579003,보낸 투표 경험 무,D0-D7 Hackle 활동일수는 최대 8일,3.0,0.0,0.0,0.0,0.0,0.0,0.0,0.0,0.0,0.0,96.0
1579005,보낸 투표 경험 무,D0-D7 Hackle 활동일수는 최대 8일,3.0,0.0,0.0,0.0,0.0,0.0,0.0,0.0,0.0,0.0,95.0
1579006,보낸 투표 경험 무,D0-D7 Hackle 활동일수는 최대 8일,2.0,0.0,0.0,0.0,0.0,0.0,0.0,0.0,0.0,0.0,67.0
1579007,보낸 투표 경험 무,D0-D7 Hackle 활동일수는 최대 8일,1.0,0.0,0.0,0.0,0.0,0.0,0.0,0.0,0.0,0.0,22.0
1579010,보낸 투표 경험 무,D0-D7 Hackle 활동일수는 최대 8일,7.0,1.0,0.0,0.0,0.0,0.0,0.0,0.0,0.0,0.0,78.0
1579011,보낸 투표 경험 무,D0-D7 Hackle 활동일수는 최대 8일,1.0,0.0,0.0,0.0,0.0,0.0,0.0,0.0,0.0,0.0,80.0
1579016,보낸 투표 경험 무,D0-D7 Hackle 활동일수는 최대 8일,1.0,0.0,0.0,0.0,0.0,0.0,0.0,0.0,0.0,0.0,9.0
1579017,보낸 투표 경험 무,D0-D7 Hackle 활동일수는 최대 8일,1.0,0.0,0.0,0.0,0.0,0.0,0.0,0.0,0.0,0.0,48.0
1579018,보낸 투표 경험 무,D0-D7 Hackle 활동일수는 최대 8일,1.0,0.0,0.0,0.0,0.0,0.0,0.0,0.0,0.0,0.0,21.0
1579022,보낸 투표 경험 무,D0-D7 Hackle 활동일수는 최대 8일,1.0,0.0,0.0,0.0,0.0,0.0,0.0,0.0,0.0,0.0,16.0
1579023,보낸 투표 경험 무,D0-D7 Hackle 활동일수는 최대 8일,2.0,0.0,0.0,0.0,0.0,0.0,0.0,0.0,0.0,0.0,16.0
1579024,보낸 투표 경험 무,D0-D7 Hackle 활동일수는 최대 8일,1.0,0.0,0.0,0.0,0.0,0.0,0.0,0.0,0.0,0.0,12.0
1579025,보낸 투표 경험 무,D0-D7 Hackle 활동일수는 최대 8일,2.0,1.0,0.0,0.0,0.0,0.0,0.0,0.0,0.0,0.0,11.0
1579026,보낸 투표 경험 무,D0-D7 Hackle 활동일수는 최대 8일,3.0,0.0,0.0,0.0,0.0,0.0,0.0,0.0,0.0,0.0,10.0
1579027,보낸 투표 경험 무,D0-D7 Hackle 활동일수는 최대 8일,1.0,0.0,0.0,0.0,0.0,0.0,0.0,0.0,0.0,0.0,18.0
1579033,보낸 투표 경험 무,D0-D7 Hackle 활동일수는 최대 8일,1.0,0.0,0.0,0.0,0.0,0.0,0.0,0.0,0.0,0.0,13.0
1579035,보낸 투표 경험 무,D0-D7 Hackle 활동일수는 최대 8일,2.0,0.0,0.0,0.0,0.0,0.0,0.0,0.0,0.0,0.0,47.0
1579039,보낸 투표 경험 무,D0-D7 Hackle 활동일수는 최대 8일,1.0,0.0,0.0,0.0,0.0,0.0,0.0,0.0,0.0,0.0,17.0
1579040,보낸 투표 경험 무,D0-D7 Hackle 활동일수는 최대 8일,1.0,0.0,0.0,0.0,0.0,0.0,0.0,0.0,0.0,0.0,11.0
1579042,보낸 투표 경험 무,D0-D7 Hackle 활동일수는 최대 8일,1.0,0.0,0.0,0.0,0.0,0.0,0.0,0.0,0.0,0.0,13.0
1579043,보낸 투표 경험 무,D0-D7 Hackle 활동일수는 최대 8일,1.0,0.0,0.0,0.0,0.0,0.0,0.0,0.0,0.0,0.0,48.0
1579044,보낸 투표 경험 무,D0-D7 Hackle 활동일수는 최대 8일,1.0,0.0,0.0,0.0,0.0,0.0,0.0,0.0,0.0,0.0,14.0
1579045,보낸 투표 경험 무,D0-D7 Hackle 활동일수는 최대 8일,3.0,0.0,0.0,0.0,0.0,0.0,0.0,0.0,0.0,0.0,86.0
1579046,보낸 투표 경험 무,D0-D7 Hackle 활동일수는 최대 8일,2.0,0.0,0.0,0.0,0.0,0.0,0.0,0.0,0.0,0.0,10.0
1579047,보낸 투표 경험 무,D0-D7 Hackle 활동일수는 최대 8일,1.0,0.0,0.0,0.0,0.0,0.0,0.0,0.0,0.0,0.0,63.0
1579048,보낸 투표 경험 무,D0-D7 Hackle 활동일수는 최대 8일,4.0,0.0,1.0,0.0,0.0,0.0,0.0,0.0,0.0,0.0,83.0
1579049,보낸 투표 경험 무,D0-D7 Hackle 활동일수는 최대 8일,6.0,3.0,0.0,0.0,0.0,0.0,0.0,0.0,0.0,0.0,56.0
1579050,보낸 투표 경험 무,D0-D7 Hackle 활동일수는 최대 8일,2.0,0.0,0.0,0.0,0.0,0.0,0.0,0.0,0.0,0.0,30.0
1579054,보낸 투표 경험 무,D0-D7 Hackle 활동일수는 최대 8일,1.0,0.0,0.0,0.0,0.0,0.0,0.0,0.0,0.0,0.0,12.0
1579055,보낸 투표 경험 무,D0-D7 Hackle 활동일수는 최대 8일,1.0,0.0,0.0,0.0,0.0,0.0,0.0,0.0,0.0,0.0,9.0
1579060,보낸 투표 경험 무,D0-D7 Hackle 활동일수는 최대 8일,1.0,0.0,0.0,0.0,0.0,0.0,0.0,0.0,0.0,0.0,9.0
1579061,보낸 투표 경험 무,D0-D7 Hackle 활동일수는 최대 8일,1.0,0.0,0.0,0.0,0.0,0.0,0.0,0.0,0.0,0.0,12.0
1579063,보낸 투표 경험 무,D0-D7 Hackle 활동일수는 최대 8일,2.0,0.0,0.0,0.0,0.0,0.0,0.0,0.0,0.0,0.0,11.0
1579064,보낸 투표 경험 무,D0-D7 Hackle 활동일수는 최대 8일,3.0,0.0,0.0,0.0,0.0,0.0,0.0,0.0,0.0,0.0,24.0
1579066,보낸 투표 경험 무,D0-D7 Hackle 활동일수는 최대 8일,1.0,0.0,0.0,0.0,0.0,0.0,0.0,0.0,0.0,0.0,10.0
1579069,보낸 투표 경험 무,D0-D7 Hackle 활동일수는 최대 8일,4.0,0.0,0.0,0.0,0.0,0.0,0.0,0.0,0.0,0.0,74.0
1579070,보낸 투표 경험 무,D0-D7 Hackle 활동일수는 최대 8일,1.0,0.0,0.0,0.0,0.0,0.0,0.0,0.0,0.0,0.0,23.0
1579071,보낸 투표 경험 무,D0-D7 Hackle 활동일수는 최대 8일,1.0,0.0,0.0,0.0,0.0,0.0,0.0,0.0,0.0,0.0,28.0
1579075,보낸 투표 경험 무,D0-D7 Hackle 활동일수는 최대 8일,1.0,0.0,0.0,0.0,0.0,0.0,0.0,0.0,0.0,0.0,10.0
1579078,보낸 투표 경험 무,D0-D7 Hackle 활동일수는 최대 8일,2.0,0.0,0.0,0.0,0.0,0.0,0.0,0.0,0.0,0.0,32.0
1579079,보낸 투표 경험 무,D0-D7 Hackle 활동일수는 최대 8일,1.0,0.0,0.0,0.0,0.0,0.0,0.0,0.0,0.0,0.0,26.0
1579080,보낸 투표 경험 무,D0-D7 Hackle 활동일수는 최대 8일,3.0,0.0,0.0,0.0,0.0,0.0,0.0,0.0,0.0,0.0,41.0
1579082,보낸 투표 경험 무,D0-D7 Hackle 활동일수는 최대 8일,3.0,0.0,0.0,0.0,0.0,0.0,0.0,0.0,0.0,0.0,41.0
1579083,보낸 투표 경험 무,D0-D7 Hackle 활동일수는 최대 8일,1.0,0.0,0.0,0.0,0.0,0.0,0.0,0.0,0.0,0.0,10.0
1579084,보낸 투표 경험 무,D0-D7 Hackle 활동일수는 최대 8일,1.0,0.0,0.0,0.0,0.0,0.0,0.0,0.0,0.0,0.0,24.0
1579099,보낸 투표 경험 무,D0-D7 Hackle 활동일수는 최대 8일,1.0,0.0,0.0,0.0,0.0,0.0,0.0,0.0,0.0,0.0,48.0
1579100,보낸 투표 경험 무,D0-D7 Hackle 활동일수는 최대 8일,1.0,0.0,0.0,0.0,0.0,0.0,0.0,0.0,0.0,0.0,12.0
1579102,보낸 투표 경험 무,D0-D7 Hackle 활동일수는 최대 8일,3.0,1.0,0.0,0.0,0.0,0.0,0.0,0.0,0.0,0.0,27.0
1579103,보낸 투표 경험 무,D0-D7 Hackle 활동일수는 최대 8일,4.0,1.0,0.0,0.0,0.0,0.0,0.0,0.0,0.0,0.0,46.0
1579104,보낸 투표 경험 무,D0-D7 Hackle 활동일수는 최대 8일,2.0,0.0,0.0,0.0,0.0,0.0,0.0,0.0,0.0,0.0,24.0
1579106,보낸 투표 경험 무,D0-D7 Hackle 활동일수는 최대 8일,1.0,0.0,0.0,0.0,0.0,0.0,0.0,0.0,0.0,0.0,23.0
1579107,보낸 투표 경험 무,D0-D7 Hackle 활동일수는 최대 8일,2.0,1.0,0.0,0.0,0.0,0.0,0.0,0.0,0.0,0.0,11.0
1579109,보낸 투표 경험 무,D0-D7 Hackle 활동일수는 최대 8일,3.0,1.0,0.0,0.0,0.0,0.0,0.0,0.0,0.0,0.0,56.0
1579110,보낸 투표 경험 무,D0-D7 Hackle 활동일수는 최대 8일,2.0,1.0,0.0,0.0,0.0,0.0,0.0,0.0,0.0,0.0,9.0
1579111,보낸 투표 경험 무,D0-D7 Hackle 활동일수는 최대 8일,3.0,0.0,0.0,0.0,0.0,0.0,0.0,0.0,0.0,0.0,41.0
1579112,보낸 투표 경험 무,D0-D7 Hackle 활동일수는 최대 8일,1.0,0.0,0.0,0.0,0.0,0.0,0.0,0.0,0.0,0.0,10.0
1579117,보낸 투표 경험 무,D0-D7 Hackle 활동일수는 최대 8일,4.0,0.0,0.0,0.0,0.0,0.0,0.0,0.0,0.0,0.0,93.0
1579122,보낸 투표 경험 무,D0-D7 Hackle 활동일수는 최대 8일,2.0,0.0,1.0,0.0,0.0,0.0,0.0,0.0,0.0,0.0,69.0
1579127,보낸 투표 경험 무,D0-D7 Hackle 활동일수는 최대 8일,1.0,0.0,0.0,0.0,0.0,0.0,0.0,0.0,0.0,0.0,16.0
1579131,보낸 투표 경험 무,D0-D7 Hackle 활동일수는 최대 8일,2.0,0.0,0.0,0.0,0.0,0.0,0.0,0.0,0.0,0.0,34.0
1579136,보낸 투표 경험 무,D0-D7 Hackle 활동일수는 최대 8일,2.0,0.0,0.0,0.0,0.0,0.0,0.0,0.0,0.0,0.0,64.0
1579140,보낸 투표 경험 무,D0-D7 Hackle 활동일수는 최대 8일,1.0,0.0,0.0,0.0,0.0,0.0,0.0,0.0,0.0,0.0,61.0
1579141,보낸 투표 경험 무,D0-D7 Hackle 활동일수는 최대 8일,1.0,0.0,0.0,0.0,0.0,0.0,0.0,0.0,0.0,0.0,24.0
1579142,보낸 투표 경험 무,D0-D7 Hackle 활동일수는 최대 8일,2.0,0.0,0.0,0.0,0.0,0.0,0.0,0.0,0.0,0.0,70.0
1579144,보낸 투표 경험 무,D0-D7 Hackle 활동일수는 최대 8일,1.0,0.0,0.0,0.0,0.0,0.0,0.0,0.0,0.0,0.0,10.0
1579145,보낸 투표 경험 무,D0-D7 Hackle 활동일수는 최대 8일,1.0,0.0,0.0,0.0,0.0,0.0,0.0,0.0,0.0,0.0,12.0
1579146,보낸 투표 경험 무,D0-D7 Hackle 활동일수는 최대 8일,5.0,2.0,0.0,0.0,0.0,0.0,0.0,0.0,0.0,0.0,83.0
1579148,보낸 투표 경험 무,D0-D7 Hackle 활동일수는 최대 8일,1.0,0.0,0.0,0.0,0.0,0.0,0.0,0.0,0.0,0.0,9.0
1579150,보낸 투표 경험 무,D0-D7 Hackle 활동일수는 최대 8일,1.0,0.0,0.0,0.0,0.0,0.0,0.0,0.0,0.0,0.0,29.0
1579155,보낸 투표 경험 무,D0-D7 Hackle 활동일수는 최대 8일,1.0,0.0,0.0,0.0,0.0,0.0,0.0,0.0,0.0,0.0,75.0
1579156,보낸 투표 경험 무,D0-D7 Hackle 활동일수는 최대 8일,1.0,0.0,0.0,0.0,0.0,0.0,0.0,0.0,0.0,0.0,40.0
1579157,보낸 투표 경험 무,D0-D7 Hackle 활동일수는 최대 8일,1.0,0.0,0.0,0.0,0.0,0.0,0.0,0.0,0.0,0.0,48.0
1579159,보낸 투표 경험 무,D0-D7 Hackle 활동일수는 최대 8일,1.0,0.0,0.0,0.0,0.0,0.0,0.0,0.0,0.0,0.0,10.0
1579160,보낸 투표 경험 무,D0-D7 Hackle 활동일수는 최대 8일,3.0,1.0,0.0,0.0,0.0,0.0,0.0,0.0,0.0,0.0,64.0
1579161,보낸 투표 경험 무,D0-D7 Hackle 활동일수는 최대 8일,3.0,0.0,0.0,0.0,0.0,0.0,0.0,0.0,0.0,0.0,81.0
1579163,보낸 투표 경험 무,D0-D7 Hackle 활동일수는 최대 8일,1.0,0.0,0.0,0.0,0.0,0.0,0.0,0.0,0.0,0.0,10.0
1579164,보낸 투표 경험 무,D0-D7 Hackle 활동일수는 최대 8일,3.0,1.0,0.0,0.0,0.0,0.0,0.0,0.0,0.0,0.0,74.0
1579165,보낸 투표 경험 무,D0-D7 Hackle 활동일수는 최대 8일,2.0,0.0,1.0,0.0,0.0,0.0,0.0,0.0,0.0,0.0,83.0
1579166,보낸 투표 경험 무,D0-D7 Hackle 활동일수는 최대 8일,1.0,0.0,0.0,0.0,0.0,0.0,0.0,0.0,0.0,0.0,15.0
1579168,보낸 투표 경험 무,D0-D7 Hackle 활동일수는 최대 8일,1.0,0.0,0.0,0.0,0.0,0.0,0.0,0.0,0.0,0.0,22.0
1579170,보낸 투표 경험 무,D0-D7 Hackle 활동일수는 최대 8일,4.0,0.0,0.0,0.0,0.0,0.0,0.0,0.0,0.0,0.0,38.0
1579172,보낸 투표 경험 무,D0-D7 Hackle 활동일수는 최대 8일,1.0,0.0,0.0,0.0,0.0,0.0,0.0,0.0,0.0,0.0,15.0
1579173,보낸 투표 경험 무,D0-D7 Hackle 활동일수는 최대 8일,2.0,0.0,0.0,0.0,0.0,0.0,0.0,0.0,0.0,0.0,12.0
1579175,보낸 투표 경험 무,D0-D7 Hackle 활동일수는 최대 8일,0.0,0.0,0.0,0.0,0.0,0.0,0.0,0.0,0.0,0.0,10.0
1579176,보낸 투표 경험 무,D0-D7 Hackle 활동일수는 최대 8일,2.0,1.0,0.0,0.0,0.0,0.0,0.0,0.0,0.0,0.0,17.0
1579177,보낸 투표 경험 무,D0-D7 Hackle 활동일수는 최대 8일,1.0,0.0,0.0,0.0,0.0,0.0,0.0,0.0,0.0,0.0,33.0
1579180,보낸 투표 경험 무,D0-D7 Hackle 활동일수는 최대 8일,2.0,0.0,1.0,0.0,0.0,0.0,0.0,0.0,0.0,0.0,75.0
1579181,보낸 투표 경험 무,D0-D7 Hackle 활동일수는 최대 8일,4.0,0.0,0.0,0.0,0.0,0.0,0.0,0.0,0.0,0.0,64.0
1579182,보낸 투표 경험 무,D0-D7 Hackle 활동일수는 최대 8일,3.0,0.0,0.0,0.0,0.0,0.0,0.0,0.0,0.0,0.0,84.0
1579183,보낸 투표 경험 무,D0-D7 Hackle 활동일수는 최대 8일,3.0,0.0,0.0,0.0,0.0,0.0,0.0,0.0,0.0,0.0,73.0
1579186,보낸 투표 경험 무,D0-D7 Hackle 활동일수는 최대 8일,2.0,0.0,0.0,0.0,0.0,0.0,0.0,0.0,0.0,0.0,31.0
1579187,보낸 투표 경험 무,D0-D7 Hackle 활동일수는 최대 8일,1.0,0.0,0.0,0.0,0.0,0.0,0.0,0.0,0.0,0.0,11.0
1579188,보낸 투표 경험 무,D0-D7 Hackle 활동일수는 최대 8일,1.0,0.0,0.0,0.0,0.0,0.0,0.0,0.0,0.0,0.0,11.0
1579191,보낸 투표 경험 무,D0-D7 Hackle 활동일수는 최대 8일,1.0,0.0,0.0,0.0,0.0,0.0,0.0,0.0,0.0,0.0,73.0
1579194,보낸 투표 경험 무,D0-D7 Hackle 활동일수는 최대 8일,3.0,1.0,0.0,0.0,0.0,0.0,0.0,0.0,0.0,0.0,38.0
1579195,보낸 투표 경험 무,D0-D7 Hackle 활동일수는 최대 8일,4.0,0.0,0.0,0.0,0.0,0.0,0.0,0.0,0.0,0.0,76.0
1579196,보낸 투표 경험 무,D0-D7 Hackle 활동일수는 최대 8일,4.0,2.0,0.0,0.0,0.0,0.0,0.0,0.0,0.0,0.0,22.0
1579202,보낸 투표 경험 무,D0-D7 Hackle 활동일수는 최대 8일,2.0,1.0,0.0,0.0,0.0,0.0,0.0,0.0,0.0,0.0,88.0
1579207,보낸 투표 경험 무,D0-D7 Hackle 활동일수는 최대 8일,1.0,0.0,0.0,0.0,0.0,0.0,0.0,0.0,0.0,0.0,12.0
1579208,보낸 투표 경험 무,D0-D7 Hackle 활동일수는 최대 8일,2.0,0.0,0.0,0.0,0.0,0.0,0.0,0.0,0.0,0.0,14.0
1579209,보낸 투표 경험 무,D0-D7 Hackle 활동일수는 최대 8일,2.0,1.0,0.0,0.0,0.0,0.0,0.0,0.0,0.0,0.0,38.0
1579212,보낸 투표 경험 무,D0-D7 Hackle 활동일수는 최대 8일,1.0,0.0,0.0,0.0,0.0,0.0,0.0,0.0,0.0,0.0,15.0
1579214,보낸 투표 경험 무,D0-D7 Hackle 활동일수는 최대 8일,1.0,0.0,0.0,0.0,0.0,0.0,0.0,0.0,0.0,0.0,26.0
1579215,보낸 투표 경험 무,D0-D7 Hackle 활동일수는 최대 8일,1.0,0.0,0.0,0.0,0.0,0.0,0.0,0.0,0.0,0.0,30.0
1579216,보낸 투표 경험 무,D0-D7 Hackle 활동일수는 최대 8일,4.0,0.0,0.0,0.0,0.0,0.0,0.0,0.0,0.0,0.0,51.0
1579217,보낸 투표 경험 무,D0-D7 Hackle 활동일수는 최대 8일,3.0,1.0,0.0,0.0,0.0,0.0,0.0,0.0,0.0,0.0,66.0
1579220,보낸 투표 경험 무,D0-D7 Hackle 활동일수는 최대 8일,1.0,0.0,1.0,0.0,0.0,0.0,0.0,0.0,0.0,0.0,19.0
1579221,보낸 투표 경험 무,D0-D7 Hackle 활동일수는 최대 8일,1.0,0.0,0.0,0.0,0.0,0.0,0.0,0.0,0.0,0.0,11.0
1579234,보낸 투표 경험 무,D0-D7 Hackle 활동일수는 최대 8일,1.0,0.0,0.0,0.0,0.0,0.0,0.0,0.0,0.0,0.0,17.0
1579235,보낸 투표 경험 무,D0-D7 Hackle 활동일수는 최대 8일,1.0,0.0,0.0,0.0,0.0,0.0,0.0,0.0,0.0,0.0,9.0
1579236,보낸 투표 경험 무,D0-D7 Hackle 활동일수는 최대 8일,1.0,0.0,0.0,0.0,0.0,0.0,0.0,0.0,0.0,0.0,71.0
1579237,보낸 투표 경험 무,D0-D7 Hackle 활동일수는 최대 8일,1.0,0.0,0.0,0.0,0.0,0.0,0.0,0.0,0.0,0.0,44.0
1579238,보낸 투표 경험 무,D0-D7 Hackle 활동일수는 최대 8일,2.0,0.0,0.0,0.0,0.0,0.0,0.0,0.0,0.0,0.0,20.0
1579241,보낸 투표 경험 무,D0-D7 Hackle 활동일수는 최대 8일,1.0,0.0,0.0,0.0,0.0,0.0,0.0,0.0,0.0,0.0,47.0
1579242,보낸 투표 경험 무,D0-D7 Hackle 활동일수는 최대 8일,2.0,0.0,0.0,0.0,0.0,0.0,0.0,0.0,0.0,0.0,47.0
1579243,보낸 투표 경험 무,D0-D7 Hackle 활동일수는 최대 8일,3.0,1.0,0.0,0.0,0.0,0.0,0.0,0.0,0.0,0.0,68.0
1579244,보낸 투표 경험 무,D0-D7 Hackle 활동일수는 최대 8일,2.0,0.0,0.0,0.0,0.0,0.0,0.0,0.0,0.0,0.0,35.0
1579248,보낸 투표 경험 무,D0-D7 Hackle 활동일수는 최대 8일,2.0,0.0,0.0,0.0,0.0,0.0,0.0,0.0,0.0,0.0,13.0
1579249,보낸 투표 경험 무,D0-D7 Hackle 활동일수는 최대 8일,3.0,1.0,2.0,0.0,0.0,0.0,0.0,0.0,0.0,0.0,87.0
1579250,보낸 투표 경험 무,D0-D7 Hackle 활동일수는 최대 8일,1.0,0.0,0.0,0.0,0.0,0.0,0.0,0.0,0.0,0.0,26.0
1579251,보낸 투표 경험 무,D0-D7 Hackle 활동일수는 최대 8일,3.0,0.0,0.0,0.0,0.0,0.0,0.0,0.0,0.0,0.0,32.0
1579252,보낸 투표 경험 무,D0-D7 Hackle 활동일수는 최대 8일,2.0,0.0,0.0,0.0,0.0,0.0,0.0,0.0,0.0,0.0,52.0
1579253,보낸 투표 경험 무,D0-D7 Hackle 활동일수는 최대 8일,1.0,0.0,0.0,0.0,0.0,0.0,0.0,0.0,0.0,0.0,9.0
1579255,보낸 투표 경험 무,D0-D7 Hackle 활동일수는 최대 8일,2.0,0.0,0.0,0.0,0.0,0.0,0.0,0.0,0.0,0.0,51.0
1579260,보낸 투표 경험 무,D0-D7 Hackle 활동일수는 최대 8일,2.0,0.0,0.0,0.0,0.0,0.0,0.0,0.0,0.0,0.0,25.0
1579262,보낸 투표 경험 무,D0-D7 Hackle 활동일수는 최대 8일,1.0,0.0,0.0,0.0,0.0,0.0,0.0,0.0,0.0,0.0,18.0
1579263,보낸 투표 경험 무,D0-D7 Hackle 활동일수는 최대 8일,2.0,1.0,0.0,0.0,0.0,0.0,0.0,0.0,0.0,0.0,63.0
1579267,보낸 투표 경험 무,D0-D7 Hackle 활동일수는 최대 8일,2.0,0.0,0.0,0.0,0.0,0.0,0.0,0.0,0.0,0.0,41.0
1579268,보낸 투표 경험 무,D0-D7 Hackle 활동일수는 최대 8일,1.0,0.0,0.0,0.0,0.0,0.0,0.0,0.0,0.0,0.0,12.0
1579272,보낸 투표 경험 무,D0-D7 Hackle 활동일수는 최대 8일,1.0,0.0,0.0,0.0,0.0,0.0,0.0,0.0,0.0,0.0,19.0
1579277,보낸 투표 경험 무,D0-D7 Hackle 활동일수는 최대 8일,1.0,0.0,0.0,0.0,0.0,0.0,0.0,0.0,0.0,0.0,20.0
1579278,보낸 투표 경험 무,D0-D7 Hackle 활동일수는 최대 8일,1.0,0.0,0.0,0.0,0.0,0.0,0.0,0.0,0.0,0.0,14.0
1579279,보낸 투표 경험 무,D0-D7 Hackle 활동일수는 최대 8일,3.0,0.0,0.0,0.0,0.0,0.0,0.0,0.0,0.0,0.0,78.0
1579280,보낸 투표 경험 무,D0-D7 Hackle 활동일수는 최대 8일,5.0,2.0,0.0,0.0,0.0,0.0,0.0,0.0,0.0,0.0,23.0
1579281,보낸 투표 경험 무,D0-D7 Hackle 활동일수는 최대 8일,2.0,0.0,0.0,0.0,0.0,0.0,0.0,0.0,0.0,0.0,42.0
1579282,보낸 투표 경험 무,D0-D7 Hackle 활동일수는 최대 8일,2.0,0.0,0.0,0.0,0.0,0.0,0.0,0.0,0.0,0.0,92.0
1579283,보낸 투표 경험 무,D0-D7 Hackle 활동일수는 최대 8일,1.0,0.0,0.0,0.0,0.0,0.0,0.0,0.0,0.0,0.0,32.0
1579284,보낸 투표 경험 무,D0-D7 Hackle 활동일수는 최대 8일,8.0,4.0,0.0,0.0,0.0,0.0,0.0,0.0,0.0,0.0,89.0
1579285,보낸 투표 경험 무,D0-D7 Hackle 활동일수는 최대 8일,2.0,0.0,0.0,0.0,0.0,0.0,0.0,0.0,0.0,0.0,20.0
1579286,보낸 투표 경험 무,D0-D7 Hackle 활동일수는 최대 8일,2.0,1.0,0.0,0.0,0.0,0.0,0.0,0.0,0.0,0.0,61.0
1579287,보낸 투표 경험 무,D0-D7 Hackle 활동일수는 최대 8일,7.0,4.0,0.0,0.0,0.0,0.0,0.0,0.0,0.0,0.0,92.0
1579288,보낸 투표 경험 무,D0-D7 Hackle 활동일수는 최대 8일,7.0,3.0,0.0,0.0,0.0,0.0,0.0,0.0,0.0,0.0,58.0
1579291,보낸 투표 경험 무,D0-D7 Hackle 활동일수는 최대 8일,2.0,0.0,0.0,0.0,0.0,0.0,0.0,0.0,0.0,0.0,65.0
1579292,보낸 투표 경험 무,D0-D7 Hackle 활동일수는 최대 8일,1.0,0.0,0.0,0.0,0.0,0.0,0.0,0.0,0.0,0.0,9.0
1579293,보낸 투표 경험 무,D0-D7 Hackle 활동일수는 최대 8일,9.0,5.0,0.0,0.0,0.0,0.0,0.0,0.0,0.0,0.0,94.0
1579295,보낸 투표 경험 무,D0-D7 Hackle 활동일수는 최대 8일,1.0,0.0,0.0,0.0,0.0,0.0,0.0,0.0,0.0,0.0,11.0
1579300,보낸 투표 경험 무,D0-D7 Hackle 활동일수는 최대 8일,6.0,0.0,0.0,0.0,0.0,0.0,0.0,0.0,0.0,0.0,87.0
1579301,보낸 투표 경험 무,D0-D7 Hackle 활동일수는 최대 8일,8.0,1.0,0.0,0.0,0.0,0.0,0.0,0.0,0.0,0.0,93.0
1579312,보낸 투표 경험 무,D0-D7 Hackle 활동일수는 최대 8일,1.0,0.0,0.0,0.0,0.0,0.0,0.0,0.0,0.0,0.0,14.0
1579313,보낸 투표 경험 무,D0-D7 Hackle 활동일수는 최대 8일,1.0,0.0,0.0,0.0,0.0,0.0,0.0,0.0,0.0,0.0,29.0
1579314,보낸 투표 경험 무,D0-D7 Hackle 활동일수는 최대 8일,2.0,1.0,0.0,0.0,0.0,0.0,0.0,0.0,0.0,0.0,23.0
1579315,보낸 투표 경험 무,D0-D7 Hackle 활동일수는 최대 8일,1.0,0.0,0.0,0.0,0.0,0.0,0.0,0.0,0.0,0.0,18.0
1579317,보낸 투표 경험 무,D0-D7 Hackle 활동일수는 최대 8일,5.0,0.0,1.0,0.0,0.0,0.0,0.0,0.0,0.0,0.0,62.0
1579321,보낸 투표 경험 무,D0-D7 Hackle 활동일수는 최대 8일,3.0,1.0,0.0,0.0,0.0,0.0,0.0,0.0,0.0,0.0,75.0
1579327,보낸 투표 경험 무,D0-D7 Hackle 활동일수는 최대 8일,1.0,0.0,0.0,0.0,0.0,0.0,0.0,0.0,0.0,0.0,38.0
1579329,보낸 투표 경험 무,D0-D7 Hackle 활동일수는 최대 8일,2.0,1.0,0.0,0.0,0.0,0.0,0.0,0.0,0.0,0.0,86.0
1579331,보낸 투표 경험 무,D0-D7 Hackle 활동일수는 최대 8일,1.0,0.0,0.0,0.0,0.0,0.0,0.0,0.0,0.0,0.0,19.0
1579332,보낸 투표 경험 무,D0-D7 Hackle 활동일수는 최대 8일,2.0,0.0,0.0,0.0,0.0,0.0,0.0,0.0,0.0,0.0,32.0
1579333,보낸 투표 경험 무,D0-D7 Hackle 활동일수는 최대 8일,1.0,0.0,0.0,0.0,0.0,0.0,0.0,0.0,0.0,0.0,20.0
1579334,보낸 투표 경험 무,D0-D7 Hackle 활동일수는 최대 8일,2.0,0.0,0.0,0.0,0.0,0.0,0.0,0.0,0.0,0.0,78.0
1579338,보낸 투표 경험 무,D0-D7 Hackle 활동일수는 최대 8일,1.0,0.0,0.0,0.0,0.0,0.0,0.0,0.0,0.0,0.0,12.0
1579343,보낸 투표 경험 무,D0-D7 Hackle 활동일수는 최대 8일,2.0,0.0,0.0,0.0,0.0,0.0,0.0,0.0,0.0,0.0,11.0
1579344,보낸 투표 경험 무,D0-D7 Hackle 활동일수는 최대 8일,1.0,0.0,0.0,0.0,0.0,0.0,0.0,0.0,0.0,0.0,74.0
1579348,보낸 투표 경험 무,D0-D7 Hackle 활동일수는 최대 8일,3.0,0.0,0.0,0.0,0.0,0.0,0.0,0.0,0.0,0.0,77.0
1579349,보낸 투표 경험 무,D0-D7 Hackle 활동일수는 최대 8일,1.0,0.0,0.0,0.0,0.0,0.0,0.0,0.0,0.0,0.0,57.0
1579357,보낸 투표 경험 무,D0-D7 Hackle 활동일수는 최대 8일,3.0,0.0,0.0,0.0,0.0,0.0,0.0,0.0,0.0,0.0,76.0
1579358,보낸 투표 경험 무,D0-D7 Hackle 활동일수는 최대 8일,2.0,0.0,0.0,0.0,0.0,0.0,0.0,0.0,0.0,0.0,92.0
1579359,보낸 투표 경험 무,D0-D7 Hackle 활동일수는 최대 8일,4.0,0.0,0.0,0.0,0.0,0.0,0.0,0.0,0.0,0.0,75.0
1579360,보낸 투표 경험 무,D0-D7 Hackle 활동일수는 최대 8일,1.0,0.0,0.0,0.0,0.0,0.0,0.0,0.0,0.0,0.0,44.0
1579364,보낸 투표 경험 무,D0-D7 Hackle 활동일수는 최대 8일,6.0,3.0,0.0,0.0,0.0,0.0,0.0,0.0,0.0,0.0,72.0
1579366,보낸 투표 경험 무,D0-D7 Hackle 활동일수는 최대 8일,1.0,0.0,0.0,0.0,0.0,0.0,0.0,0.0,0.0,0.0,58.0
1579367,보낸 투표 경험 무,D0-D7 Hackle 활동일수는 최대 8일,1.0,0.0,0.0,0.0,0.0,0.0,0.0,0.0,0.0,0.0,19.0
1579368,보낸 투표 경험 무,D0-D7 Hackle 활동일수는 최대 8일,2.0,0.0,0.0,0.0,0.0,0.0,0.0,0.0,0.0,0.0,69.0
1579369,보낸 투표 경험 무,D0-D7 Hackle 활동일수는 최대 8일,3.0,0.0,0.0,0.0,0.0,0.0,0.0,0.0,0.0,0.0,78.0
1579372,보낸 투표 경험 무,D0-D7 Hackle 활동일수는 최대 8일,3.0,0.0,0.0,0.0,0.0,0.0,0.0,0.0,0.0,0.0,58.0
1579374,보낸 투표 경험 무,D0-D7 Hackle 활동일수는 최대 8일,1.0,0.0,0.0,0.0,0.0,0.0,0.0,0.0,0.0,0.0,30.0
1579375,보낸 투표 경험 무,D0-D7 Hackle 활동일수는 최대 8일,1.0,0.0,0.0,0.0,0.0,0.0,0.0,0.0,0.0,0.0,10.0
1579377,보낸 투표 경험 무,D0-D7 Hackle 활동일수는 최대 8일,1.0,0.0,0.0,0.0,0.0,0.0,0.0,0.0,0.0,0.0,55.0
1579378,보낸 투표 경험 무,D0-D7 Hackle 활동일수는 최대 8일,2.0,0.0,0.0,0.0,0.0,0.0,0.0,0.0,0.0,0.0,15.0
1579380,보낸 투표 경험 무,D0-D7 Hackle 활동일수는 최대 8일,1.0,0.0,0.0,0.0,0.0,0.0,0.0,0.0,0.0,0.0,16.0
1579381,보낸 투표 경험 무,D0-D7 Hackle 활동일수는 최대 8일,3.0,0.0,0.0,0.0,0.0,0.0,0.0,0.0,0.0,0.0,48.0
1579384,보낸 투표 경험 무,D0-D7 Hackle 활동일수는 최대 8일,1.0,0.0,0.0,0.0,0.0,0.0,0.0,0.0,0.0,0.0,10.0
1579385,보낸 투표 경험 무,D0-D7 Hackle 활동일수는 최대 8일,1.0,0.0,0.0,0.0,0.0,0.0,0.0,0.0,0.0,0.0,14.0
1579387,보낸 투표 경험 무,D0-D7 Hackle 활동일수는 최대 8일,8.0,3.0,0.0,0.0,0.0,0.0,0.0,0.0,0.0,0.0,77.0
1579390,보낸 투표 경험 무,D0-D7 Hackle 활동일수는 최대 8일,1.0,0.0,0.0,0.0,0.0,0.0,0.0,0.0,0.0,0.0,22.0
1579391,보낸 투표 경험 무,D0-D7 Hackle 활동일수는 최대 8일,5.0,2.0,0.0,0.0,0.0,0.0,0.0,0.0,0.0,0.0,46.0
1579392,보낸 투표 경험 무,D0-D7 Hackle 활동일수는 최대 8일,2.0,1.0,0.0,0.0,0.0,0.0,0.0,0.0,0.0,0.0,13.0
1579393,보낸 투표 경험 무,D0-D7 Hackle 활동일수는 최대 8일,1.0,0.0,0.0,0.0,0.0,0.0,0.0,0.0,0.0,0.0,9.0
1579396,보낸 투표 경험 무,D0-D7 Hackle 활동일수는 최대 8일,4.0,1.0,0.0,0.0,0.0,0.0,0.0,0.0,0.0,0.0,38.0
1579398,보낸 투표 경험 무,D0-D7 Hackle 활동일수는 최대 8일,1.0,0.0,0.0,0.0,0.0,0.0,0.0,0.0,0.0,0.0,31.0
1579399,보낸 투표 경험 무,D0-D7 Hackle 활동일수는 최대 8일,2.0,0.0,0.0,0.0,0.0,0.0,0.0,0.0,0.0,0.0,19.0
1579401,보낸 투표 경험 무,D0-D7 Hackle 활동일수는 최대 8일,0.0,0.0,0.0,0.0,0.0,0.0,0.0,0.0,0.0,0.0,10.0
1579405,보낸 투표 경험 무,D0-D7 Hackle 활동일수는 최대 8일,1.0,0.0,0.0,0.0,0.0,0.0,0.0,0.0,0.0,0.0,31.0
1579407,보낸 투표 경험 무,D0-D7 Hackle 활동일수는 최대 8일,1.0,0.0,0.0,0.0,0.0,0.0,0.0,0.0,0.0,0.0,17.0
1579409,보낸 투표 경험 무,D0-D7 Hackle 활동일수는 최대 8일,2.0,1.0,0.0,0.0,0.0,0.0,0.0,0.0,0.0,0.0,54.0
1579410,보낸 투표 경험 무,D0-D7 Hackle 활동일수는 최대 8일,1.0,0.0,0.0,0.0,0.0,0.0,0.0,0.0,0.0,0.0,15.0
1579411,보낸 투표 경험 무,D0-D7 Hackle 활동일수는 최대 8일,4.0,0.0,1.0,0.0,0.0,0.0,0.0,0.0,0.0,0.0,68.0
1579412,보낸 투표 경험 무,D0-D7 Hackle 활동일수는 최대 8일,1.0,0.0,0.0,0.0,0.0,0.0,0.0,0.0,0.0,0.0,9.0
1579414,보낸 투표 경험 무,D0-D7 Hackle 활동일수는 최대 8일,3.0,1.0,0.0,0.0,0.0,0.0,0.0,0.0,0.0,0.0,86.0
1579415,보낸 투표 경험 무,D0-D7 Hackle 활동일수는 최대 8일,3.0,0.0,0.0,0.0,0.0,0.0,0.0,0.0,0.0,0.0,38.0
1579416,보낸 투표 경험 무,D0-D7 Hackle 활동일수는 최대 8일,1.0,0.0,0.0,0.0,0.0,0.0,0.0,0.0,0.0,0.0,10.0
1579417,보낸 투표 경험 무,D0-D7 Hackle 활동일수는 최대 8일,0.0,0.0,0.0,0.0,0.0,0.0,0.0,0.0,0.0,0.0,10.0
1579418,보낸 투표 경험 유,D0-D7 Hackle 활동일수는 최대 8일,6.0,1.0,0.0,0.0,1.0,2.0,3.0,5.0,6.0,6.0,40.0
1579419,보낸 투표 경험 무,D0-D7 Hackle 활동일수는 최대 8일,3.0,2.0,0.0,0.0,0.0,0.0,0.0,0.0,0.0,0.0,16.0
1579421,보낸 투표 경험 무,D0-D7 Hackle 활동일수는 최대 8일,1.0,0.0,0.0,0.0,0.0,0.0,0.0,0.0,0.0,0.0,29.0
1579422,보낸 투표 경험 무,D0-D7 Hackle 활동일수는 최대 8일,5.0,0.0,0.0,0.0,0.0,0.0,0.0,0.0,0.0,0.0,52.0
1579423,보낸 투표 경험 무,D0-D7 Hackle 활동일수는 최대 8일,1.0,0.0,0.0,0.0,0.0,0.0,0.0,0.0,0.0,0.0,18.0
1579425,보낸 투표 경험 무,D0-D7 Hackle 활동일수는 최대 8일,1.0,0.0,0.0,0.0,0.0,0.0,0.0,0.0,0.0,0.0,11.0
1579426,보낸 투표 경험 무,D0-D7 Hackle 활동일수는 최대 8일,1.0,0.0,1.0,0.0,0.0,0.0,0.0,0.0,0.0,0.0,16.0
1579428,보낸 투표 경험 무,D0-D7 Hackle 활동일수는 최대 8일,1.0,0.0,0.0,0.0,0.0,0.0,0.0,0.0,0.0,0.0,11.0
1579429,보낸 투표 경험 무,D0-D7 Hackle 활동일수는 최대 8일,1.0,0.0,0.0,0.0,0.0,0.0,0.0,0.0,0.0,0.0,83.0
1579431,보낸 투표 경험 무,D0-D7 Hackle 활동일수는 최대 8일,2.0,0.0,0.0,0.0,0.0,0.0,0.0,0.0,0.0,0.0,95.0
1579436,보낸 투표 경험 무,D0-D7 Hackle 활동일수는 최대 8일,0.0,0.0,0.0,0.0,0.0,0.0,0.0,0.0,0.0,0.0,9.0
1579438,보낸 투표 경험 무,D0-D7 Hackle 활동일수는 최대 8일,6.0,2.0,0.0,0.0,0.0,0.0,0.0,0.0,0.0,0.0,82.0
1579442,보낸 투표 경험 무,D0-D7 Hackle 활동일수는 최대 8일,1.0,0.0,0.0,0.0,0.0,0.0,0.0,0.0,0.0,0.0,13.0
1579444,보낸 투표 경험 무,D0-D7 Hackle 활동일수는 최대 8일,1.0,0.0,0.0,0.0,0.0,0.0,0.0,0.0,0.0,0.0,10.0
1579445,보낸 투표 경험 무,D0-D7 Hackle 활동일수는 최대 8일,1.0,0.0,0.0,0.0,0.0,0.0,0.0,0.0,0.0,0.0,17.0
1579446,보낸 투표 경험 무,D0-D7 Hackle 활동일수는 최대 8일,4.0,1.0,0.0,0.0,0.0,0.0,0.0,0.0,0.0,0.0,57.0
1579447,보낸 투표 경험 무,D0-D7 Hackle 활동일수는 최대 8일,1.0,0.0,0.0,0.0,0.0,0.0,0.0,0.0,0.0,0.0,15.0
1579450,보낸 투표 경험 무,D0-D7 Hackle 활동일수는 최대 8일,0.0,0.0,0.0,0.0,0.0,0.0,0.0,0.0,0.0,0.0,9.0
1579451,보낸 투표 경험 무,D0-D7 Hackle 활동일수는 최대 8일,1.0,0.0,0.0,0.0,0.0,0.0,0.0,0.0,0.0,0.0,11.0
1579457,보낸 투표 경험 무,D0-D7 Hackle 활동일수는 최대 8일,1.0,0.0,0.0,0.0,0.0,0.0,0.0,0.0,0.0,0.0,10.0
1579458,보낸 투표 경험 무,D0-D7 Hackle 활동일수는 최대 8일,1.0,0.0,0.0,0.0,0.0,0.0,0.0,0.0,0.0,0.0,14.0
1579459,보낸 투표 경험 무,D0-D7 Hackle 활동일수는 최대 8일,1.0,0.0,0.0,0.0,0.0,0.0,0.0,0.0,0.0,0.0,52.0
1579460,보낸 투표 경험 무,D0-D7 Hackle 활동일수는 최대 8일,1.0,0.0,0.0,0.0,0.0,0.0,0.0,0.0,0.0,0.0,11.0
1579461,보낸 투표 경험 무,D0-D7 Hackle 활동일수는 최대 8일,1.0,0.0,0.0,0.0,0.0,0.0,0.0,0.0,0.0,0.0,10.0
1579462,보낸 투표 경험 무,D0-D7 Hackle 활동일수는 최대 8일,1.0,0.0,0.0,0.0,0.0,0.0,0.0,0.0,0.0,0.0,24.0
1579470,보낸 투표 경험 무,D0-D7 Hackle 활동일수는 최대 8일,1.0,0.0,0.0,0.0,0.0,0.0,0.0,0.0,0.0,0.0,10.0
1579471,보낸 투표 경험 무,D0-D7 Hackle 활동일수는 최대 8일,1.0,0.0,0.0,0.0,0.0,0.0,0.0,0.0,0.0,0.0,9.0
1579472,보낸 투표 경험 무,D0-D7 Hackle 활동일수는 최대 8일,1.0,0.0,0.0,0.0,0.0,0.0,0.0,0.0,0.0,0.0,12.0
1579478,보낸 투표 경험 무,D0-D7 Hackle 활동일수는 최대 8일,2.0,0.0,0.0,0.0,0.0,0.0,0.0,0.0,0.0,0.0,49.0
1579483,보낸 투표 경험 무,D0-D7 Hackle 활동일수는 최대 8일,1.0,0.0,0.0,0.0,0.0,0.0,0.0,0.0,0.0,0.0,19.0
1579484,보낸 투표 경험 무,D0-D7 Hackle 활동일수는 최대 8일,2.0,0.0,0.0,0.0,0.0,0.0,0.0,0.0,0.0,0.0,16.0
1579485,보낸 투표 경험 무,D0-D7 Hackle 활동일수는 최대 8일,6.0,2.0,1.0,0.0,0.0,0.0,0.0,0.0,0.0,0.0,80.0
1579487,보낸 투표 경험 무,D0-D7 Hackle 활동일수는 최대 8일,1.0,0.0,0.0,0.0,0.0,0.0,0.0,0.0,0.0,0.0,9.0
1579489,보낸 투표 경험 무,D0-D7 Hackle 활동일수는 최대 8일,2.0,1.0,0.0,0.0,0.0,0.0,0.0,0.0,0.0,0.0,32.0
1579490,보낸 투표 경험 무,D0-D7 Hackle 활동일수는 최대 8일,1.0,0.0,0.0,0.0,0.0,0.0,0.0,0.0,0.0,0.0,23.0
1579496,보낸 투표 경험 무,D0-D7 Hackle 활동일수는 최대 8일,1.0,0.0,0.0,0.0,0.0,0.0,0.0,0.0,0.0,0.0,12.0
1579497,보낸 투표 경험 무,D0-D7 Hackle 활동일수는 최대 8일,1.0,0.0,0.0,0.0,0.0,0.0,0.0,0.0,0.0,0.0,9.0
1579499,보낸 투표 경험 무,D0-D7 Hackle 활동일수는 최대 8일,3.0,0.0,0.0,0.0,0.0,0.0,0.0,0.0,0.0,0.0,34.0
1579513,보낸 투표 경험 무,D0-D7 Hackle 활동일수는 최대 8일,1.0,0.0,0.0,0.0,0.0,0.0,0.0,0.0,0.0,0.0,14.0
1579519,보낸 투표 경험 무,D0-D7 Hackle 활동일수는 최대 8일,1.0,0.0,0.0,0.0,0.0,0.0,0.0,0.0,0.0,0.0,50.0
1579520,보낸 투표 경험 무,D0-D7 Hackle 활동일수는 최대 8일,1.0,0.0,0.0,0.0,0.0,0.0,0.0,0.0,0.0,0.0,19.0
1579521,보낸 투표 경험 무,D0-D7 Hackle 활동일수는 최대 8일,1.0,0.0,0.0,0.0,0.0,0.0,0.0,0.0,0.0,0.0,11.0
1579524,보낸 투표 경험 무,D0-D7 Hackle 활동일수는 최대 8일,4.0,1.0,0.0,0.0,0.0,0.0,0.0,0.0,0.0,0.0,63.0
1579528,보낸 투표 경험 무,D0-D7 Hackle 활동일수는 최대 8일,1.0,0.0,0.0,0.0,0.0,0.0,0.0,0.0,0.0,0.0,9.0
1579530,보낸 투표 경험 무,D0-D7 Hackle 활동일수는 최대 8일,1.0,0.0,0.0,0.0,0.0,0.0,0.0,0.0,0.0,0.0,12.0
1579532,보낸 투표 경험 무,D0-D7 Hackle 활동일수는 최대 8일,2.0,0.0,0.0,0.0,0.0,0.0,0.0,0.0,0.0,0.0,25.0
1579533,보낸 투표 경험 무,D0-D7 Hackle 활동일수는 최대 8일,7.0,5.0,0.0,0.0,0.0,0.0,0.0,0.0,0.0,0.0,87.0
1579534,보낸 투표 경험 무,D0-D7 Hackle 활동일수는 최대 8일,2.0,1.0,0.0,0.0,0.0,0.0,0.0,0.0,0.0,0.0,17.0
1579535,보낸 투표 경험 무,D0-D7 Hackle 활동일수는 최대 8일,1.0,0.0,0.0,0.0,0.0,0.0,0.0,0.0,0.0,0.0,11.0
1579536,보낸 투표 경험 무,D0-D7 Hackle 활동일수는 최대 8일,2.0,1.0,0.0,0.0,0.0,0.0,0.0,0.0,0.0,0.0,57.0
1579538,보낸 투표 경험 무,D0-D7 Hackle 활동일수는 최대 8일,1.0,0.0,0.0,0.0,0.0,0.0,0.0,0.0,0.0,0.0,10.0
1579539,보낸 투표 경험 무,D0-D7 Hackle 활동일수는 최대 8일,1.0,0.0,0.0,0.0,0.0,0.0,0.0,0.0,0.0,0.0,13.0
1579541,보낸 투표 경험 무,D0-D7 Hackle 활동일수는 최대 8일,1.0,1.0,0.0,0.0,0.0,0.0,0.0,0.0,0.0,0.0,14.0
1579542,보낸 투표 경험 무,D0-D7 Hackle 활동일수는 최대 8일,1.0,0.0,0.0,0.0,0.0,0.0,0.0,0.0,0.0,0.0,11.0
1579544,보낸 투표 경험 무,D0-D7 Hackle 활동일수는 최대 8일,1.0,0.0,0.0,0.0,0.0,0.0,0.0,0.0,0.0,0.0,16.0
1579546,보낸 투표 경험 무,D0-D7 Hackle 활동일수는 최대 8일,2.0,1.0,0.0,0.0,0.0,0.0,0.0,0.0,0.0,0.0,25.0
1579547,보낸 투표 경험 무,D0-D7 Hackle 활동일수는 최대 8일,1.0,0.0,0.0,0.0,0.0,0.0,0.0,0.0,0.0,0.0,17.0
1579549,보낸 투표 경험 무,D0-D7 Hackle 활동일수는 최대 8일,1.0,0.0,0.0,0.0,0.0,0.0,0.0,0.0,0.0,0.0,20.0
1579552,보낸 투표 경험 무,D0-D7 Hackle 활동일수는 최대 8일,3.0,1.0,0.0,0.0,0.0,0.0,0.0,0.0,0.0,0.0,62.0
1579555,보낸 투표 경험 무,D0-D7 Hackle 활동일수는 최대 8일,1.0,0.0,0.0,0.0,0.0,0.0,0.0,0.0,0.0,0.0,29.0
1579556,보낸 투표 경험 무,D0-D7 Hackle 활동일수는 최대 8일,4.0,1.0,0.0,0.0,0.0,0.0,0.0,0.0,0.0,0.0,44.0
1579558,보낸 투표 경험 무,D0-D7 Hackle 활동일수는 최대 8일,3.0,1.0,0.0,0.0,0.0,0.0,0.0,0.0,0.0,0.0,61.0
1579559,보낸 투표 경험 무,D0-D7 Hackle 활동일수는 최대 8일,4.0,1.0,0.0,0.0,0.0,0.0,0.0,0.0,0.0,0.0,43.0
1579560,보낸 투표 경험 무,D0-D7 Hackle 활동일수는 최대 8일,1.0,0.0,0.0,0.0,0.0,0.0,0.0,0.0,0.0,0.0,27.0
1579561,보낸 투표 경험 무,D0-D7 Hackle 활동일수는 최대 8일,2.0,0.0,0.0,0.0,0.0,0.0,0.0,0.0,0.0,0.0,35.0
1579562,보낸 투표 경험 무,D0-D7 Hackle 활동일수는 최대 8일,1.0,0.0,0.0,0.0,0.0,0.0,0.0,0.0,0.0,0.0,40.0
1579567,보낸 투표 경험 무,D0-D7 Hackle 활동일수는 최대 8일,7.0,1.0,0.0,0.0,0.0,0.0,0.0,0.0,0.0,0.0,70.0
1579568,보낸 투표 경험 무,D0-D7 Hackle 활동일수는 최대 8일,1.0,0.0,0.0,0.0,0.0,0.0,0.0,0.0,0.0,0.0,31.0
1579575,보낸 투표 경험 무,D0-D7 Hackle 활동일수는 최대 8일,1.0,0.0,1.0,0.0,0.0,0.0,0.0,0.0,0.0,0.0,13.0
1579584,보낸 투표 경험 무,D0-D7 Hackle 활동일수는 최대 8일,1.0,0.0,0.0,0.0,0.0,0.0,0.0,0.0,0.0,0.0,27.0
1579587,보낸 투표 경험 무,D0-D7 Hackle 활동일수는 최대 8일,4.0,2.0,0.0,0.0,0.0,0.0,0.0,0.0,0.0,0.0,14.0
1579588,보낸 투표 경험 무,D0-D7 Hackle 활동일수는 최대 8일,1.0,0.0,0.0,0.0,0.0,0.0,0.0,0.0,0.0,0.0,9.0
1579589,보낸 투표 경험 무,D0-D7 Hackle 활동일수는 최대 8일,1.0,0.0,0.0,0.0,0.0,0.0,0.0,0.0,0.0,0.0,45.0
1579590,보낸 투표 경험 무,D0-D7 Hackle 활동일수는 최대 8일,2.0,0.0,0.0,0.0,0.0,0.0,0.0,0.0,0.0,0.0,51.0
1579596,보낸 투표 경험 무,D0-D7 Hackle 활동일수는 최대 8일,1.0,0.0,0.0,0.0,0.0,0.0,0.0,0.0,0.0,0.0,25.0
1579601,보낸 투표 경험 무,D0-D7 Hackle 활동일수는 최대 8일,1.0,0.0,0.0,0.0,0.0,0.0,0.0,0.0,0.0,0.0,26.0
1579606,보낸 투표 경험 무,D0-D7 Hackle 활동일수는 최대 8일,1.0,0.0,0.0,0.0,0.0,0.0,0.0,0.0,0.0,0.0,15.0
1579616,보낸 투표 경험 무,D0-D7 Hackle 활동일수는 최대 8일,4.0,3.0,0.0,0.0,0.0,0.0,0.0,0.0,0.0,0.0,58.0
1579618,보낸 투표 경험 무,D0-D7 Hackle 활동일수는 최대 8일,1.0,0.0,0.0,0.0,0.0,0.0,0.0,0.0,0.0,0.0,9.0
1579620,보낸 투표 경험 무,D0-D7 Hackle 활동일수는 최대 8일,3.0,1.0,0.0,0.0,0.0,0.0,0.0,0.0,0.0,0.0,45.0
1579622,보낸 투표 경험 무,D0-D7 Hackle 활동일수는 최대 8일,1.0,0.0,0.0,0.0,0.0,0.0,0.0,0.0,0.0,0.0,13.0
1579623,보낸 투표 경험 무,D0-D7 Hackle 활동일수는 최대 8일,1.0,0.0,0.0,0.0,0.0,0.0,0.0,0.0,0.0,0.0,44.0
1579630,보낸 투표 경험 무,D0-D7 Hackle 활동일수는 최대 8일,2.0,1.0,0.0,0.0,0.0,0.0,0.0,0.0,0.0,0.0,38.0
1579631,보낸 투표 경험 무,D0-D7 Hackle 활동일수는 최대 8일,1.0,0.0,0.0,0.0,0.0,0.0,0.0,0.0,0.0,0.0,30.0
1579632,보낸 투표 경험 무,D0-D7 Hackle 활동일수는 최대 8일,1.0,0.0,0.0,0.0,0.0,0.0,0.0,0.0,0.0,0.0,13.0
1579633,보낸 투표 경험 무,D0-D7 Hackle 활동일수는 최대 8일,1.0,0.0,0.0,0.0,0.0,0.0,0.0,0.0,0.0,0.0,9.0
1579634,보낸 투표 경험 무,D0-D7 Hackle 활동일수는 최대 8일,1.0,0.0,0.0,0.0,0.0,0.0,0.0,0.0,0.0,0.0,28.0
1579635,보낸 투표 경험 무,D0-D7 Hackle 활동일수는 최대 8일,3.0,2.0,0.0,0.0,0.0,0.0,0.0,0.0,0.0,0.0,41.0
1579636,보낸 투표 경험 무,D0-D7 Hackle 활동일수는 최대 8일,1.0,0.0,0.0,0.0,0.0,0.0,0.0,0.0,0.0,0.0,13.0
1579637,보낸 투표 경험 무,D0-D7 Hackle 활동일수는 최대 8일,1.0,0.0,0.0,0.0,0.0,0.0,0.0,0.0,0.0,0.0,12.0
1579638,보낸 투표 경험 무,D0-D7 Hackle 활동일수는 최대 8일,1.0,0.0,0.0,0.0,0.0,0.0,0.0,0.0,0.0,0.0,48.0
1579640,보낸 투표 경험 무,D0-D7 Hackle 활동일수는 최대 8일,1.0,0.0,0.0,0.0,0.0,0.0,0.0,0.0,0.0,0.0,10.0
1579641,보낸 투표 경험 무,D0-D7 Hackle 활동일수는 최대 8일,1.0,0.0,0.0,0.0,0.0,0.0,0.0,0.0,0.0,0.0,9.0
1579642,보낸 투표 경험 무,D0-D7 Hackle 활동일수는 최대 8일,1.0,0.0,0.0,0.0,0.0,0.0,0.0,0.0,0.0,0.0,11.0
1579645,보낸 투표 경험 무,D0-D7 Hackle 활동일수는 최대 8일,1.0,0.0,0.0,0.0,0.0,0.0,0.0,0.0,0.0,0.0,23.0
1579646,보낸 투표 경험 무,D0-D7 Hackle 활동일수는 최대 8일,1.0,0.0,0.0,0.0,0.0,0.0,0.0,0.0,0.0,0.0,11.0
1579647,보낸 투표 경험 무,D0-D7 Hackle 활동일수는 최대 8일,2.0,0.0,0.0,0.0,0.0,0.0,0.0,0.0,0.0,0.0,20.0
1579651,보낸 투표 경험 무,D0-D7 Hackle 활동일수는 최대 8일,1.0,0.0,0.0,0.0,0.0,0.0,0.0,0.0,0.0,0.0,9.0
1579656,보낸 투표 경험 무,D0-D7 Hackle 활동일수는 최대 8일,2.0,0.0,0.0,0.0,0.0,0.0,0.0,0.0,0.0,0.0,41.0
1579665,보낸 투표 경험 무,D0-D7 Hackle 활동일수는 최대 8일,1.0,0.0,0.0,0.0,0.0,0.0,0.0,0.0,0.0,0.0,9.0
1579668,보낸 투표 경험 무,D0-D7 Hackle 활동일수는 최대 8일,1.0,0.0,0.0,0.0,0.0,0.0,0.0,0.0,0.0,0.0,27.0
1579669,보낸 투표 경험 무,D0-D7 Hackle 활동일수는 최대 8일,1.0,0.0,0.0,0.0,0.0,0.0,0.0,0.0,0.0,0.0,11.0
1579670,보낸 투표 경험 무,D0-D7 Hackle 활동일수는 최대 8일,1.0,0.0,0.0,0.0,0.0,0.0,0.0,0.0,0.0,0.0,50.0
1579672,보낸 투표 경험 무,D0-D7 Hackle 활동일수는 최대 8일,1.0,0.0,0.0,0.0,0.0,0.0,0.0,0.0,0.0,0.0,10.0
1579677,보낸 투표 경험 무,D0-D7 Hackle 활동일수는 최대 8일,1.0,0.0,0.0,0.0,0.0,0.0,0.0,0.0,0.0,0.0,10.0
1579681,보낸 투표 경험 무,D0-D7 Hackle 활동일수는 최대 8일,1.0,0.0,0.0,0.0,0.0,0.0,0.0,0.0,0.0,0.0,64.0
1579682,보낸 투표 경험 무,D0-D7 Hackle 활동일수는 최대 8일,3.0,0.0,0.0,0.0,0.0,0.0,0.0,0.0,0.0,0.0,15.0
1579683,보낸 투표 경험 무,D0-D7 Hackle 활동일수는 최대 8일,1.0,0.0,0.0,0.0,0.0,0.0,0.0,0.0,0.0,0.0,10.0
1579686,보낸 투표 경험 무,D0-D7 Hackle 활동일수는 최대 8일,1.0,0.0,0.0,0.0,0.0,0.0,0.0,0.0,0.0,0.0,9.0
1579690,보낸 투표 경험 무,D0-D7 Hackle 활동일수는 최대 8일,1.0,0.0,0.0,0.0,0.0,0.0,0.0,0.0,0.0,0.0,30.0
1579693,보낸 투표 경험 무,D0-D7 Hackle 활동일수는 최대 8일,1.0,0.0,0.0,0.0,0.0,0.0,0.0,0.0,0.0,0.0,11.0
1579695,보낸 투표 경험 무,D0-D7 Hackle 활동일수는 최대 8일,1.0,0.0,0.0,0.0,0.0,0.0,0.0,0.0,0.0,0.0,18.0
1579698,보낸 투표 경험 무,D0-D7 Hackle 활동일수는 최대 8일,2.0,0.0,0.0,0.0,0.0,0.0,0.0,0.0,0.0,0.0,19.0
1579700,보낸 투표 경험 무,D0-D7 Hackle 활동일수는 최대 8일,2.0,0.0,0.0,0.0,0.0,0.0,0.0,0.0,0.0,0.0,12.0
1579704,보낸 투표 경험 무,D0-D7 Hackle 활동일수는 최대 8일,1.0,0.0,0.0,0.0,0.0,0.0,0.0,0.0,0.0,0.0,13.0
1579713,보낸 투표 경험 무,D0-D7 Hackle 활동일수는 최대 8일,2.0,0.0,1.0,0.0,0.0,0.0,0.0,0.0,0.0,0.0,39.0
1579718,보낸 투표 경험 무,D0-D7 Hackle 활동일수는 최대 8일,1.0,0.0,0.0,0.0,0.0,0.0,0.0,0.0,0.0,0.0,25.0
1579720,보낸 투표 경험 무,D0-D7 Hackle 활동일수는 최대 8일,1.0,0.0,0.0,0.0,0.0,0.0,0.0,0.0,0.0,0.0,34.0
1579721,보낸 투표 경험 무,D0-D7 Hackle 활동일수는 최대 8일,1.0,0.0,0.0,0.0,0.0,0.0,0.0,0.0,0.0,0.0,9.0
1579722,보낸 투표 경험 무,D0-D7 Hackle 활동일수는 최대 8일,2.0,0.0,0.0,0.0,0.0,0.0,0.0,0.0,0.0,0.0,26.0
1579726,보낸 투표 경험 무,D0-D7 Hackle 활동일수는 최대 8일,1.0,0.0,0.0,0.0,0.0,0.0,0.0,0.0,0.0,0.0,9.0
1579730,보낸 투표 경험 무,D0-D7 Hackle 활동일수는 최대 8일,1.0,0.0,0.0,0.0,0.0,0.0,0.0,0.0,0.0,0.0,9.0
1579731,보낸 투표 경험 무,D0-D7 Hackle 활동일수는 최대 8일,2.0,0.0,0.0,0.0,0.0,0.0,0.0,0.0,0.0,0.0,29.0
1579735,보낸 투표 경험 무,D0-D7 Hackle 활동일수는 최대 8일,1.0,0.0,0.0,0.0,0.0,0.0,0.0,0.0,0.0,0.0,9.0
1579740,보낸 투표 경험 무,D0-D7 Hackle 활동일수는 최대 8일,1.0,0.0,0.0,0.0,0.0,0.0,0.0,0.0,0.0,0.0,9.0
1579741,보낸 투표 경험 무,D0-D7 Hackle 활동일수는 최대 8일,1.0,0.0,0.0,0.0,0.0,0.0,0.0,0.0,0.0,0.0,9.0
1579744,보낸 투표 경험 무,D0-D7 Hackle 활동일수는 최대 8일,1.0,0.0,0.0,0.0,0.0,0.0,0.0,0.0,0.0,0.0,11.0
1579745,보낸 투표 경험 무,D0-D7 Hackle 활동일수는 최대 8일,1.0,0.0,0.0,0.0,0.0,0.0,0.0,0.0,0.0,0.0,10.0
1579748,보낸 투표 경험 무,D0-D7 Hackle 활동일수는 최대 8일,1.0,0.0,0.0,0.0,0.0,0.0,0.0,0.0,0.0,0.0,15.0
1579750,보낸 투표 경험 무,D0-D7 Hackle 활동일수는 최대 8일,1.0,0.0,0.0,0.0,0.0,0.0,0.0,0.0,0.0,0.0,61.0
1579756,보낸 투표 경험 무,D0-D7 Hackle 활동일수는 최대 8일,1.0,0.0,0.0,0.0,0.0,0.0,0.0,0.0,0.0,0.0,28.0
1579759,보낸 투표 경험 무,D0-D7 Hackle 활동일수는 최대 8일,1.0,0.0,0.0,0.0,0.0,0.0,0.0,0.0,0.0,0.0,12.0
1579760,보낸 투표 경험 무,D0-D7 Hackle 활동일수는 최대 8일,1.0,0.0,0.0,0.0,0.0,0.0,0.0,0.0,0.0,0.0,13.0
1579761,보낸 투표 경험 무,D0-D7 Hackle 활동일수는 최대 8일,1.0,0.0,0.0,0.0,0.0,0.0,0.0,0.0,0.0,0.0,9.0
1579766,보낸 투표 경험 무,D0-D7 Hackle 활동일수는 최대 8일,1.0,0.0,0.0,0.0,0.0,0.0,0.0,0.0,0.0,0.0,10.0
1579774,보낸 투표 경험 무,D0-D7 Hackle 활동일수는 최대 8일,1.0,0.0,0.0,0.0,0.0,0.0,0.0,0.0,0.0,0.0,9.0
1579776,보낸 투표 경험 무,D0-D7 Hackle 활동일수는 최대 8일,1.0,0.0,0.0,0.0,0.0,0.0,0.0,0.0,0.0,0.0,10.0
1579778,보낸 투표 경험 무,D0-D7 Hackle 활동일수는 최대 8일,1.0,0.0,0.0,0.0,0.0,0.0,0.0,0.0,0.0,0.0,17.0
1579781,보낸 투표 경험 무,D0-D7 Hackle 활동일수는 최대 8일,1.0,0.0,0.0,0.0,0.0,0.0,0.0,0.0,0.0,0.0,12.0
1579782,보낸 투표 경험 무,D0-D7 Hackle 활동일수는 최대 8일,1.0,0.0,0.0,0.0,0.0,0.0,0.0,0.0,0.0,0.0,12.0
1579788,보낸 투표 경험 무,D0-D7 Hackle 활동일수는 최대 8일,1.0,0.0,0.0,0.0,0.0,0.0,0.0,0.0,0.0,0.0,9.0
1579789,보낸 투표 경험 무,D0-D7 Hackle 활동일수는 최대 8일,1.0,0.0,0.0,0.0,0.0,0.0,0.0,0.0,0.0,0.0,9.0
1579791,보낸 투표 경험 무,D0-D7 Hackle 활동일수는 최대 8일,1.0,0.0,0.0,0.0,0.0,0.0,0.0,0.0,0.0,0.0,12.0
1579794,보낸 투표 경험 무,D0-D7 Hackle 활동일수는 최대 8일,3.0,0.0,0.0,0.0,0.0,0.0,0.0,0.0,0.0,0.0,29.0
1579798,보낸 투표 경험 무,D0-D7 Hackle 활동일수는 최대 8일,1.0,0.0,0.0,0.0,0.0,0.0,0.0,0.0,0.0,0.0,27.0
1579808,보낸 투표 경험 무,D0-D7 Hackle 활동일수는 최대 8일,1.0,0.0,0.0,0.0,0.0,0.0,0.0,0.0,0.0,0.0,11.0
1579810,보낸 투표 경험 무,D0-D7 Hackle 활동일수는 최대 8일,0.0,0.0,0.0,0.0,0.0,0.0,0.0,0.0,0.0,0.0,9.0
1579817,보낸 투표 경험 무,D0-D7 Hackle 활동일수는 최대 8일,1.0,0.0,0.0,0.0,0.0,0.0,0.0,0.0,0.0,0.0,10.0
1579820,보낸 투표 경험 무,D0-D7 Hackle 활동일수는 최대 8일,3.0,2.0,0.0,0.0,0.0,0.0,0.0,0.0,0.0,0.0,25.0
1579821,보낸 투표 경험 무,D0-D7 Hackle 활동일수는 최대 8일,3.0,1.0,0.0,0.0,0.0,0.0,0.0,0.0,0.0,0.0,15.0
1579832,보낸 투표 경험 무,D0-D7 Hackle 활동일수는 최대 8일,1.0,0.0,0.0,0.0,0.0,0.0,0.0,0.0,0.0,0.0,26.0
1579838,보낸 투표 경험 무,D0-D7 Hackle 활동일수는 최대 8일,1.0,0.0,0.0,0.0,0.0,0.0,0.0,0.0,0.0,0.0,14.0
1579842,보낸 투표 경험 무,D0-D7 Hackle 활동일수는 최대 8일,1.0,0.0,0.0,0.0,0.0,0.0,0.0,0.0,0.0,0.0,11.0
1579843,보낸 투표 경험 무,D0-D7 Hackle 활동일수는 최대 8일,2.0,0.0,0.0,0.0,0.0,0.0,0.0,0.0,0.0,0.0,17.0
1579844,보낸 투표 경험 무,D0-D7 Hackle 활동일수는 최대 8일,3.0,0.0,0.0,0.0,0.0,0.0,0.0,0.0,0.0,0.0,29.0
1579849,보낸 투표 경험 무,D0-D7 Hackle 활동일수는 최대 8일,2.0,0.0,0.0,0.0,0.0,0.0,0.0,0.0,0.0,0.0,17.0
1579851,보낸 투표 경험 무,D0-D7 Hackle 활동일수는 최대 8일,1.0,0.0,0.0,0.0,0.0,0.0,0.0,0.0,0.0,0.0,20.0
1579854,보낸 투표 경험 무,D0-D7 Hackle 활동일수는 최대 8일,3.0,1.0,0.0,0.0,0.0,0.0,0.0,0.0,0.0,0.0,32.0
1579857,보낸 투표 경험 무,D0-D7 Hackle 활동일수는 최대 8일,1.0,0.0,0.0,0.0,0.0,0.0,0.0,0.0,0.0,0.0,11.0
1579870,보낸 투표 경험 무,D0-D7 Hackle 활동일수는 최대 8일,1.0,0.0,0.0,0.0,0.0,0.0,0.0,0.0,0.0,0.0,12.0
1579876,보낸 투표 경험 무,D0-D7 Hackle 활동일수는 최대 8일,1.0,0.0,0.0,0.0,0.0,0.0,0.0,0.0,0.0,0.0,9.0
1579883,보낸 투표 경험 무,D0-D7 Hackle 활동일수는 최대 8일,1.0,0.0,0.0,0.0,0.0,0.0,0.0,0.0,0.0,0.0,12.0
1579884,보낸 투표 경험 무,D0-D7 Hackle 활동일수는 최대 8일,1.0,0.0,0.0,0.0,0.0,0.0,0.0,0.0,0.0,0.0,9.0
1579889,보낸 투표 경험 무,D0-D7 Hackle 활동일수는 최대 8일,0.0,0.0,0.0,0.0,0.0,0.0,0.0,0.0,0.0,0.0,9.0
1579893,보낸 투표 경험 무,D0-D7 Hackle 활동일수는 최대 8일,1.0,0.0,0.0,0.0,0.0,0.0,0.0,0.0,0.0,0.0,20.0
1579897,보낸 투표 경험 무,D0-D7 Hackle 활동일수는 최대 8일,1.0,0.0,0.0,0.0,0.0,0.0,0.0,0.0,0.0,0.0,14.0
1579903,보낸 투표 경험 무,D0-D7 Hackle 활동일수는 최대 8일,1.0,0.0,0.0,0.0,0.0,0.0,0.0,0.0,0.0,0.0,11.0
1579907,보낸 투표 경험 무,D0-D7 Hackle 활동일수는 최대 8일,2.0,0.0,0.0,0.0,0.0,0.0,0.0,0.0,0.0,0.0,12.0
1579913,보낸 투표 경험 무,D0-D7 Hackle 활동일수는 최대 8일,1.0,0.0,0.0,0.0,0.0,0.0,0.0,0.0,0.0,0.0,11.0
1579919,보낸 투표 경험 무,D0-D7 Hackle 활동일수는 최대 8일,1.0,0.0,0.0,0.0,0.0,0.0,0.0,0.0,0.0,0.0,9.0
1579920,보낸 투표 경험 무,D0-D7 Hackle 활동일수는 최대 8일,2.0,0.0,0.0,0.0,0.0,0.0,0.0,0.0,0.0,0.0,10.0
1579923,보낸 투표 경험 무,D0-D7 Hackle 활동일수는 최대 8일,1.0,0.0,0.0,0.0,0.0,0.0,0.0,0.0,0.0,0.0,10.0
1579925,보낸 투표 경험 무,D0-D7 Hackle 활동일수는 최대 8일,1.0,0.0,0.0,0.0,0.0,0.0,0.0,0.0,0.0,0.0,11.0
